000000148348
000000484206
000000417144
000000427583
000000511965
000000579247
000000489117
000000413346
000000355108
000000151694
000000027524
000000175236
000000087227
000000086864
000000551622
000000163234
000000168839
000000099747
000000118683
000000174806
000000221914
000000543222
000000375846
000000004785
000000164390
000000333510
000000569436
000000465835
000000145863
000000088025
000000383695
000000212292
000000419080
000000135372
000000385295
000000189539
000000006527
000000332215
000000109169
000000380189
000000073899
000000147501
000000551206
000000380520
000000196118
000000473260
000000190043
000000147256
000000127543
000000183266
000000473491
000000187868
000000037549
000000267160
000000028499
000000025378
000000086408
000000542150
000000023588
000000505538
000000289966
000000410687
000000300138
000000360132
000000209931
000000407676
000000161983
000000080857
000000228035
000000352901
000000312240
000000252133
000000445515
000000402071
000000108021
000000514457
000000576430
000000003217
000000195840
000000209374
000000339462
000000408221
000000066879
000000420366
000000252549
000000539311
000000132041
000000234296
000000335507
000000097180
000000526560
000000462426
000000026978
000000090151
000000565857
000000476055
000000257391
000000361124
000000299045
000000009091
000000571372
000000350629
000000106490
000000221829
000000068023
000000130269
000000573932
000000015179
000000358020
000000236399
000000004517
000000576736
000000056312
000000196497
000000272773
000000134268
000000244369
000000446633
000000131043
000000180040
000000266091
000000309496
000000297206
000000309161
000000004463
000000396294
000000044038
000000437893
000000523876
000000281508
000000397069
000000242717
000000383220
000000223734
000000211204
000000247338
000000175116
000000071217
000000567416
000000552589
000000353948
000000572761
000000337338
000000283144
000000129951
000000058385
000000050239
000000442106
000000516000
000000352143
000000572978
000000162944
000000003867
000000226544
000000273106
000000223929
000000299712
000000121977
000000459361
000000047066
000000247921
000000312630
000000074060
000000044079
000000362986
000000461844
000000332113
000000528116
000000388250
000000231415
000000126392
000000119114
000000519359
000000185821
000000129006
000000542720
000000319117
000000423935
000000406286
000000057339
000000164255
000000253520
000000124145
000000515176
000000043308
000000093809
000000276204
000000402330
000000057023
000000284778
000000057660
000000055601
000000132373
000000520133
000000201291
000000334073
000000392796
000000488532
000000183949
000000488457
000000147915
000000151178
000000196699
000000418215
000000001228
000000349607
000000537188
000000110258
000000228834
000000398339
000000433224
000000431750
000000547645
000000224278
000000050105
000000245713
000000376916
000000454336
000000579631
000000525462
000000234981
000000126894
000000445906
000000468996
000000201420
000000084390
000000224136
000000237459
000000370736
000000055524
000000141965
000000391388
000000481609
000000466015
000000419612
000000211576
000000543354
000000229884
000000159133
000000535233
000000359207
000000225121
000000573520
000000062715
000000129154
000000420290
000000424788
000000357774
000000085816
000000264434
000000390365
000000504851
000000126941
000000555869
000000555013
000000270502
000000317120
000000006422
000000403096
000000050827
000000383873
000000555894
000000220160
000000180588
000000201419
000000088768
000000131587
000000382115
000000355922
000000264482
000000278706
000000456045
000000578481
000000128690
000000372514
000000211254
000000272804
000000120986
000000225715
000000152277
000000066505
000000418151
000000459515
000000419323
000000563713
000000200627
000000267598
000000478406
000000357641
000000515202
000000461759
000000516008
000000527363
000000428686
000000534107
000000232230
000000163729
000000214150
000000086831
000000519607
000000361259
000000417946
000000228373
000000321666
000000487872
000000066491
000000026547
000000575786
000000312539
000000064516
000000304165
000000106901
000000549209
000000155108
000000424174
000000552383
000000325932
000000183012
000000405104
000000286162
000000206274
000000079247
000000330535
000000167422
000000135502
000000228527
000000076462
000000341168
000000013150
000000137386
000000115692
000000006016
000000106145
000000066027
000000187559
000000244016
000000102899
000000443391
000000457824
000000019226
000000158028
000000320616
000000148004
000000196244
000000360844
000000044352
000000179317
000000147342
000000398682
000000455395
000000047597
000000480926
000000488601
000000137283
000000088376
000000266696
000000546070
000000173580
000000322443
000000514602
000000192574
000000436585
000000308085
000000002559
000000553976
000000164863
000000391321
000000328853
000000455290
000000329733
000000063724
000000313655
000000335967
000000381160
000000177453
000000282772
000000462604
000000401040
000000280678
000000069569
000000306837
000000096647
000000420544
000000252857
000000266611
000000496607
000000297520
000000509855
000000386355
000000433460
000000129908
000000284290
000000581731
000000201358
000000563904
000000259354
000000201460
000000034261
000000563155
000000283261
000000456652
000000185837
000000479395
000000190537
000000170238
000000567613
000000147736
000000567065
000000159449
000000394481
000000402970
000000240751
000000168053
000000408660
000000132453
000000357626
000000065841
000000342999
000000193094
000000540582
000000167533
000000180522
000000344860
000000102006
000000299654
000000467818
000000563185
000000205214
000000150309
000000170579
000000246077
000000547896
000000027105
000000385873
000000472445
000000088613
000000352081
000000528200
000000224178
000000063495
000000007393
000000323715
000000241037
000000400311
000000184718
000000117535
000000557824
000000503483
000000359726
000000276105
000000010867
000000536100
000000446006
000000008245
000000333586
000000373021
000000132814
000000037024
000000539675
000000333303
000000080147
000000211839
000000303215
000000268777
000000485891
000000571618
000000071099
000000405662
000000524637
000000549703
000000302275
000000002150
000000453857
000000217378
000000350035
000000089044
000000001647
000000466681
000000540508
000000353543
000000362713
000000472405
000000075829
000000226128
000000045701
000000521298
000000500533
000000254604
000000069564
000000237437
000000152418
000000246245
000000532966
000000160243
000000220182
000000399680
000000176734
000000511343
000000349164
000000142592
000000504766
000000489624
000000426096
000000198992
000000228407
000000390463
000000558129
000000190952
000000083490
000000084638
000000291115
000000019916
000000426146
000000482091
000000359337
000000279997
000000531752
000000534291
000000485628
000000445972
000000335935
000000002619
000000552814
000000531308
000000035853
000000026171
000000563029
000000168562
000000127980
000000365487
000000472803
000000319101
000000237100
000000216194
000000083716
000000557901
000000160625
000000314331
000000134389
000000393854
000000126120
000000502084
000000560180
000000393989
000000329475
000000314865
000000288592
000000040796
000000191540
000000083986
000000353624
000000412612
000000506842
000000275263
000000561756
000000113045
000000455750
000000223577
000000056675
000000533250
000000279103
000000197864
000000006178
000000136286
000000274629
000000334944
000000405137
000000331129
000000416405
000000094813
000000014974
000000428943
000000362026
000000223432
000000492647
000000157497
000000254824
000000096360
000000482037
000000135849
000000167330
000000379575
000000504976
000000488260
000000132706
000000431165
000000044792
000000030023
000000449841
000000577434
000000545534
000000113313
000000030381
000000232410
000000098679
000000082327
000000413242
000000494404
000000467071
000000508286
000000499631
000000128842
000000298501
000000354726
000000560748
000000050961
000000381413
000000579811
000000158494
000000433236
000000310526
000000458567
000000031730
000000245135
000000219443
000000356507
000000543734
000000477617
000000231952
000000541193
000000139564
000000316407
000000170862
000000333231
000000227125
000000131832
000000357219
000000002148
000000417142
000000512904
000000505825
000000008195
000000455353
000000540784
000000433652
000000457508
000000250075
000000045335
000000428379
000000534049
000000190927
000000131527
000000224742
000000414439
000000558700
000000222383
000000133883
000000115654
000000317798
000000580161
000000549575
000000394817
000000024019
000000141232
000000030455
000000134768
000000366136
000000360512
000000552571
000000143329
000000015595
000000414754
000000400487
000000186775
000000009721
000000145174
000000026725
000000149895
000000198227
000000304374
000000242142
000000263288
000000061034
000000011364
000000262576
000000513351
000000050819
000000177214
000000132798
000000500752
000000092187
000000494335
000000261461
000000298979
000000482202
000000055821
000000245272
000000282579
000000532759
000000564646
000000558736
000000365866
000000475857
000000519555
000000004477
000000006688
000000327449
000000581127
000000517349
000000397307
000000327578
000000175033
000000437774
000000544234
000000262460
000000060959
000000509792
000000218554
000000527407
000000321554
000000508818
000000016995
000000456200
000000353221
000000482363
000000447948
000000297426
000000573527
000000083547
000000228376
000000275245
000000489793
000000365351
000000164179
000000307734
000000265059
000000145666
000000574725
000000101073
000000100781
000000414577
000000011719
000000469721
000000446223
000000097260
000000514800
000000323774
000000038190
000000079172
000000231071
000000441147
000000515341
000000333290
000000100199
000000145480
000000449373
000000158614
000000389426
000000294264
000000390895
000000052956
000000231503
000000174567
000000429727
000000029755
000000553108
000000362247
000000245659
000000152618
000000282316
000000157342
000000555296
000000137734
000000564432
000000476889
000000458568
000000547131
000000351154
000000389466
000000208669
000000091130
000000482069
000000172350
000000152913
000000440792
000000379304
000000189605
000000013160
000000024095
000000046467
000000412704
000000340754
000000365831
000000205266
000000239942
000000472690
000000455170
000000150364
000000266857
000000279320
000000434328
000000456666
000000429559
000000281900
000000524144
000000060364
000000218628
000000026946
000000398053
000000123509
000000307449
000000388761
000000415971
000000512304
000000176263
000000094717
000000181007
000000172036
000000238201
000000398373
000000234988
000000000715
000000135460
000000528992
000000375198
000000226585
000000067941
000000434125
000000198064
000000394663
000000018293
000000455083
000000494398
000000079104
000000232596
000000051730
000000518729
000000044937
000000307209
000000368659
000000139326
000000156754
000000215242
000000356314
000000453286
000000557695
000000506199
000000166706
000000428858
000000436941
000000550872
000000564654
000000109995
000000220082
000000518483
000000344654
000000330357
000000345701
000000504164
000000580284
000000309571
000000228260
000000248649
000000449007
000000100926
000000058133
000000314597
000000367809
000000462527
000000172426
000000354515
000000484377
000000500422
000000330329
000000526890
000000001779
000000097238
000000425569
000000426972
000000515213
000000283445
000000210371
000000260896
000000132342
000000295057
000000501967
000000192636
000000304220
000000384535
000000314200
000000400204
000000550893
000000580777
000000468351
000000545849
000000137999
000000174672
000000289912
000000067262
000000477820
000000102811
000000139426
000000208319
000000166403
000000265737
000000215693
000000463398
000000461217
000000574051
000000376970
000000276794
000000334736
000000389811
000000434016
000000394126
000000257791
000000060986
000000443605
000000186429
000000310683
000000273123
000000090612
000000286429
000000204855
000000141659
000000517548
000000303423
000000406386
000000236048
000000312076
000000068740
000000398523
000000580431
000000332663
000000418677
000000472823
000000486170
000000440334
000000287213
000000354303
000000472865
000000259733
000000172143
000000262466
000000530226
000000546647
000000281617
000000219655
000000219906
000000043558
000000190334
000000463961
000000487487
000000525615
000000579561
000000178957
000000201770
000000343621
000000574001
000000338265
000000569645
000000482409
000000427443
000000059614
000000119414
000000326308
000000363280
000000193281
000000474188
000000092674
000000380284
000000112719
000000126161
000000474622
000000033652
000000164921
000000574443
000000085483
000000490842
000000558516
000000455325
000000075493
000000176943
000000009398
000000212901
000000217090
000000384085
000000138234
000000410482
000000431426
000000324642
000000335376
000000484201
000000029564
000000517253
000000428535
000000127168
000000205861
000000503250
000000468363
000000058253
000000567837
000000404869
000000035701
000000064557
000000212514
000000140682
000000395744
000000288504
000000500446
000000292140
000000492544
000000341383
000000202138
000000356028
000000407975
000000091797
000000003084
000000309292
000000252381
000000018414
000000268032
000000571514
000000294834
000000030932
000000048162
000000349939
000000338363
000000156827
000000455674
000000237777
000000281288
000000030535
000000026368
000000278601
000000112622
000000346591
000000367716
000000479578
000000023017
000000026685
000000180079
000000404702
000000495625
000000579968
000000469873
000000008006
000000017625
000000529871
000000039196
000000143980
000000034080
000000313768
000000237726
000000018191
000000483159
000000237443
000000206410
000000388298
000000275970
000000184470
000000252074
000000160421
000000059632
000000032416
000000072273
000000452566
000000470370
000000399746
000000329908
000000577564
000000078760
000000089912
000000225537
000000456931
000000126825
000000039468
000000189359
000000183715
000000437435
000000413496
000000231984
000000010136
000000205196
000000035571
000000468443
000000490893
000000476282
000000123424
000000238605
000000199427
000000251557
000000328084
000000088282
000000538276
000000565691
000000325894
000000325125
000000061527
000000332532
000000284628
000000128711
000000224264
000000425470
000000432370
000000303726
000000302655
000000317962
000000451172
000000010420
000000152015
000000544371
000000152663
000000279780
000000375361
000000486072
000000450771
000000179476
000000101675
000000053229
000000493761
000000468736
000000568110
000000353461
000000409179
000000127882
000000346386
000000007241
000000031597
000000555922
000000440003
000000108707
000000202531
000000408336
000000081612
000000540259
000000210856
000000470426
000000324914
000000546896
000000010702
000000248481
000000530729
000000524905
000000022098
000000166524
000000435840
000000053691
000000421822
000000094792
000000363214
000000557602
000000574983
000000398349
000000005669
000000330368
000000452558
000000098001
000000119965
000000219916
000000443294
000000014557
000000091262
000000362319
000000262284
000000036718
000000190033
000000397291
000000436195
000000070557
000000417844
000000110606
000000235244
000000486788
000000108917
000000504280
000000145284
000000011682
000000100853
000000382368
000000452813
000000145682
000000312218
000000285897
000000433190
000000291816
000000013061
000000410509
000000351164
000000494433
000000327988
000000029091
000000284042
000000445140
000000118073
000000439609
000000535126
000000499634
000000239504
000000273874
000000370444
000000553549
000000574147
000000552138
000000344314
000000509468
000000080943
000000232091
000000484074
000000519628
000000095822
000000494003
000000063573
000000348625
000000017152
000000176551
000000491018
000000021614
000000138166
000000207059
000000151523
000000149791
000000435833
000000214165
000000510034
000000364642
000000362751
000000232116
000000535766
000000066066
000000440771
000000516026
000000313061
000000051550
000000023351
000000350475
000000219338
000000544481
000000554978
000000256061
000000016673
000000526391
000000493873
000000053016
000000455255
000000507605
000000197384
000000073757
000000018773
000000553998
000000016342
000000282440
000000415052
000000412666
000000138648
000000208844
000000567423
000000117969
000000352508
000000553981
000000209630
000000296064
000000213069
000000282834
000000229550
000000107511
000000357005
000000351829
000000419963
000000285748
000000046359
000000341775
000000452756
000000479886
000000512206
000000520975
000000348364
000000217823
000000520660
000000575486
000000072935
000000483786
000000265331
000000209420
000000163975
000000563292
000000019941
000000232076
000000073276
000000356662
000000255089
000000158370
000000558850
000000250351
000000081085
000000514082
000000068956
000000176470
000000032665
000000514666
000000181132
000000404608
000000319061
000000259112
000000124780
000000532778
000000172608
000000387355
000000242303
000000116078
000000101413
000000215135
000000016701
000000171049
000000386066
000000205560
000000471184
000000250711
000000140613
000000329077
000000385236
000000203822
000000039067
000000573756
000000553558
000000576160
000000244846
000000491114
000000472733
000000100329
000000266093
000000007823
000000541485
000000375654
000000309403
000000197336
000000552579
000000326390
000000084833
000000006861
000000285234
000000360371
000000577484
000000394165
000000294305
000000561300
000000341737
000000089485
000000487824
000000043319
000000146711
000000166313
000000252915
000000188819
000000280847
000000322567
000000095390
000000047944
000000212384
000000258732
000000427239
000000380493
000000036661
000000438905
000000060892
000000419560
000000279877
000000307263
000000232673
000000219524
000000424554
000000115358
000000337506
000000220739
000000060760
000000058397
000000113182
000000483069
000000454907
000000547156
000000332193
000000048376
000000121559
000000389304
000000107585
000000228336
000000298109
000000203486
000000323008
000000470951
000000451014
000000410742
000000494300
000000365903
000000042751
000000029406
000000220171
000000256690
000000225032
000000371873
000000167510
000000264209
000000040272
000000357830
000000279247
000000049957
000000276796
000000166370
000000460944
000000058250
000000184633
000000130222
000000365530
000000145087
000000140352
000000234138
000000435224
000000339886
000000016716
000000080739
000000227164
000000517451
000000559395
000000141827
000000292278
000000228984
000000418352
000000271588
000000167599
000000453026
000000083331
000000073417
000000355438
000000289197
000000029794
000000454827
000000014412
000000155582
000000281853
000000317365
000000202764
000000535844
000000473468
000000141108
000000213391
000000022324
000000211410
000000320804
000000033442
000000521887
000000206830
000000057731
000000085529
000000455737
000000299811
000000432201
000000236843
000000129689
000000076015
000000002989
000000422705
000000397473
000000498007
000000030421
000000233073
000000360831
000000488746
000000531252
000000351139
000000422296
000000236425
000000258950
000000450558
000000434829
000000196210
000000275515
000000403425
000000065993
000000104502
000000218960
000000538359
000000577887
000000100897
000000451356
000000249689
000000010580
000000213113
000000453566
000000257176
000000290457
000000381426
000000440361
000000291518
000000071850
000000271157
000000464964
000000199678
000000454862
000000541264
000000011694
000000001907
000000133314
000000341513
000000488812
000000543872
000000013789
000000399212
000000515962
000000568060
000000394523
000000406666
000000343193
000000369618
000000016903
000000326935
000000568286
000000019559
000000262031
000000440641
000000260740
000000057892
000000553189
000000219344
000000032695
000000429949
000000154770
000000094175
000000580406
000000126964
000000094667
000000411877
000000135694
000000127647
000000230721
000000420313
000000339192
000000135741
000000531167
000000198178
000000118885
000000287927
000000116731
000000532083
000000507783
000000256029
000000447548
000000239352
000000107747
000000335066
000000104290
000000291983
000000359323
000000414416
000000387875
000000181947
000000302634
000000098854
000000172226
000000339529
000000194416
000000081001
000000387903
000000365999
000000557135
000000324448
000000189404
000000493507
000000334981
000000264236
000000167661
000000095132
000000201425
000000393836
000000512845
000000177284
000000213148
000000142280
000000140974
000000183088
000000088723
000000560186
000000501038
000000412015
000000422816
000000238389
000000522611
000000185117
000000524404
000000456070
000000347233
000000452783
000000298985
000000023774
000000568440
000000561818
000000389699
000000535133
000000058429
000000324390
000000551125
000000373776
000000158854
000000309694
000000152732
000000427749
000000262471
000000571287
000000280123
000000236096
000000236629
000000197289
000000167859
000000322325
000000138896
000000329105
000000436105
000000356535
000000147537
000000320796
000000036445
000000024734
000000303761
000000434858
000000133125
000000236000
000000322278
000000299055
000000321395
000000016292
000000057977
000000032082
000000488271
000000531488
000000146451
000000078820
000000325548
000000176160
000000302089
000000214989
000000450856
000000203349
000000557252
000000360772
000000528097
000000150616
000000274398
000000416356
000000278183
000000418193
000000540885
000000280413
000000316359
000000247895
000000072716
000000134846
000000099316
000000011422
000000482297
000000547783
000000205239
000000445305
000000573653
000000362642
000000016776
000000372374
000000061526
000000329878
000000526104
000000123193
000000295294
000000398628
000000055715
000000294267
000000008998
000000265398
000000031660
000000068075
000000573941
000000503255
000000374950
000000066493
000000580296
000000500877
000000006426
000000387388
000000520027
000000542936
000000458483
000000205814
000000412709
000000424959
000000107880
000000258495
000000059079
000000329966
000000223374
000000177419
000000466403
000000026578
000000407550
000000049473
000000220821
000000143323
000000056042
000000220189
000000518918
000000184446
000000173932
000000070097
000000172843
000000551602
000000519977
000000507615
000000278243
000000094118
000000479711
000000214608
000000323467
000000307751
000000563926
000000306928
000000216371
000000141986
000000216569
000000082457
000000306722
000000314167
000000003335
000000004705
000000155921
000000538944
000000049517
000000278732
000000429283
000000227526
000000492055
000000220137
000000364374
000000120670
000000414122
000000072629
000000206112
000000477390
000000087110
000000222113
000000394334
000000262965
000000144925
000000052503
000000331692
000000142483
000000360441
000000504499
000000526133
000000011010
000000496887
000000341674
000000562037
000000395469
000000518365
000000499913
000000194780
000000296897
000000505597
000000079610
000000180571
000000442680
000000303079
000000417159
000000478982
000000015107
000000047161
000000094231
000000369669
000000081735
000000222603
000000088445
000000080749
000000454979
000000366353
000000126671
000000176592
000000186587
000000578368
000000519446
000000246099
000000142686
000000349896
000000491481
000000155126
000000188718
000000283043
000000475372
000000075479
000000304706
000000528507
000000467022
000000012620
000000073567
000000307980
000000518234
000000069325
000000390290
000000079722
000000352576
000000557794
000000031000
000000499125
000000011361
000000220823
000000452479
000000242969
000000572022
000000379465
000000353901
000000099311
000000437509
000000298639
000000227960
000000234709
000000010217
000000429991
000000138164
000000324460
000000362329
000000472700
000000143111
000000410608
000000280825
000000448712
000000471992
000000424978
000000371307
000000354814
000000356725
000000361448
000000304605
000000059116
000000249556
000000311877
000000103773
000000317441
000000293448
000000203460
000000167708
000000067786
000000391773
000000239726
000000139892
000000415821
000000137110
000000075173
000000048546
000000251936
000000325790
000000435612
000000063330
000000581180
000000482296
000000571395
000000299716
000000288700
000000326731
000000452121
000000366316
000000046144
000000558538
000000310999
000000106226
000000520343
000000163306
000000183187
000000526132
000000032655
000000027108
000000109558
000000123891
000000117062
000000298427
000000289170
000000076042
000000097513
000000360329
000000569070
000000333106
000000140435
000000416565
000000465550
000000008761
000000232863
000000323797
000000293966
000000415818
000000081354
000000422095
000000215565
000000510592
000000411941
000000061201
000000543942
000000294900
000000505145
000000072664
000000045406
000000095148
000000029285
000000004706
000000392186
000000287006
000000224497
000000578114
000000407198
000000284259
000000194559
000000148622
000000163253
000000077429
000000120850
000000087078
000000465906
000000155376
000000428502
000000507828
000000319785
000000057739
000000475453
000000409744
000000410096
000000367106
000000372959
000000235792
000000343035
000000299722
000000559958
000000327777
000000226084
000000265589
000000045962
000000038332
000000389604
000000051716
000000195806
000000533462
000000333621
000000476109
000000506388
000000341899
000000063661
000000090520
000000409890
000000116845
000000523390
000000069051
000000237263
000000252382
000000542640
000000389183
000000009908
000000030764
000000363410
000000077014
000000494012
000000395269
000000176912
000000450212
000000284674
000000536603
000000250517
000000227667
000000577552
000000465218
000000117869
000000513266
000000464993
000000354570
000000434027
000000581262
000000220630
000000289690
000000370329
000000425612
000000144275
000000118329
000000412453
000000539777
000000270166
000000213675
000000248310
000000092014
000000148771
000000343774
000000175609
000000180670
000000111500
000000146730
000000163370
000000474283
000000246955
000000572283
000000529069
000000018874
000000338098
000000287858
000000130438
000000490615
000000393129
000000063879
000000508489
000000339256
000000508220
000000339404
000000208414
000000513520
000000391102
000000034520
000000218012
000000176521
000000185774
000000016870
000000530741
000000222424
000000012597
000000383413
000000381945
000000345863
000000473608
000000162020
000000459765
000000242257
000000163858
000000493386
000000510423
000000266336
000000064463
000000439493
000000187757
000000002451
000000225634
000000509270
000000314055
000000275102
000000305159
000000447842
000000402027
000000244735
000000030657
000000087847
000000277188
000000340781
000000472516
000000489538
000000460901
000000279060
000000069047
000000090365
000000433792
000000363194
000000321468
000000369630
000000269419
000000419211
000000334373
000000049255
000000185070
000000283631
000000533900
000000478195
000000291622
000000116250
000000207313
000000374156
000000356190
000000466307
000000343309
000000138782
000000261596
000000084324
000000375437
000000486122
000000146760
000000216482
000000339421
000000483806
000000036324
000000060297
000000510258
000000126514
000000113967
000000034683
000000429940
000000494445
000000295068
000000222791
000000416426
000000362072
000000320399
000000461092
000000012803
000000408227
000000306506
000000240960
000000115816
000000057334
000000415901
000000056572
000000451809
000000106019
000000137678
000000473728
000000324436
000000538209
000000431025
000000502752
000000500432
000000022899
000000322395
000000009709
000000333721
000000097099
000000576496
000000514846
000000340348
000000189405
000000142856
000000181351
000000085143
000000375208
000000377845
000000386475
000000432615
000000093327
000000579544
000000066700
000000165141
000000460296
000000351104
000000125106
000000152795
000000189427
000000507908
000000456010
000000306444
000000057138
000000398548
000000333739
000000043921
000000170850
000000195343
000000173451
000000361905
000000374130
000000318039
000000455103
000000146149
000000366061
000000102793
000000267552
000000305832
000000353306
000000186968
000000195559
000000449699
000000218917
000000270796
000000440401
000000240227
000000345870
000000471118
000000110516
000000246478
000000150924
000000015772
000000580698
000000221307
000000505440
000000384568
000000518110
000000041891
000000061626
000000263274
000000288137
000000082375
000000258282
000000204026
000000055077
000000214803
000000127093
000000058927
000000528074
000000394866
000000389455
000000291004
000000211405
000000205846
000000298132
000000196028
000000061395
000000195203
000000046615
000000344672
000000274254
000000243104
000000558090
000000485605
000000400792
000000016295
000000137836
000000006241
000000466787
000000160648
000000088374
000000111660
000000249295
000000299326
000000270722
000000059321
000000130651
000000309165
000000172303
000000165936
000000064054
000000319315
000000565622
000000305476
000000254117
000000159028
000000349044
000000244872
000000138859
000000281656
000000204039
000000391521
000000302513
000000112106
000000285825
000000233485
000000100166
000000363559
000000228244
000000413232
000000063320
000000462908
000000390179
000000065612
000000093590
000000345429
000000071933
000000357929
000000578164
000000458610
000000216837
000000081155
000000089259
000000357235
000000448765
000000192817
000000203035
000000011324
000000236936
000000323468
000000193074
000000341035
000000462185
000000534988
000000133515
000000229975
000000160393
000000512974
000000231992
000000349138
000000415697
000000246938
000000413287
000000082735
000000471846
000000106585
000000238839
000000531569
000000079331
000000480001
000000106823
000000205125
000000291214
000000579002
000000385931
000000298475
000000240082
000000074538
000000173620
000000576080
000000365094
000000340547
000000478105
000000230484
000000193121
000000378712
000000472960
000000388853
000000205677
000000518883
000000509000
000000455912
000000189811
000000384512
000000461597
000000312943
000000028957
000000199255
000000200642
000000396317
000000315243
000000007852
000000080818
000000554841
000000004208
000000157282
000000436141
000000186524
000000330750
000000191705
000000062957
000000492729
000000271051
000000004338
000000134640
000000082124
000000261144
000000442868
000000211436
000000113437
000000307016
000000244853
000000532958
000000529802
000000235751
000000078800
000000048308
000000142320
000000546016
000000362779
000000539235
000000507536
000000140285
000000402717
000000356237
000000366683
000000388018
000000399091
000000094527
000000315916
000000348854
000000450886
000000203602
000000494835
000000330716
000000497760
000000495797
000000310711
000000067837
000000581038
000000125313
000000378807
000000554749
000000198508
000000321500
000000139482
000000191706
000000372966
000000139633
000000444087
000000457611
000000366349
000000164189
000000314027
000000285018
000000242619
000000391154
000000052393
000000316443
000000328373
000000103352
000000329939
000000323115
000000182511
000000356064
000000262113
000000460263
000000371782
000000008776
000000415849
000000451621
000000132972
000000439178
000000027648
000000440354
000000509677
000000544691
000000414482
000000027550
000000185620
000000539422
000000544856
000000154585
000000042387
000000117009
000000350310
000000266058
000000426838
000000508580
000000366560
000000345368
000000408542
000000433911
000000211526
000000329963
000000001238
000000574818
000000319626
000000469137
000000485951
000000476417
000000088868
000000183893
000000362363
000000359184
000000368924
000000300929
000000098437
000000510377
000000020972
000000471497
000000292032
000000291894
000000542402
000000533431
000000153064
000000125928
000000493189
000000197335
000000082921
000000431370
000000191329
000000194908
000000169318
000000178770
000000288316
000000572372
000000277473
000000137777
000000340393
000000019145
000000471905
000000553588
000000487299
000000513397
000000320273
000000530494
000000137634
000000359104
000000184773
000000505953
000000379111
000000396166
000000195993
000000298840
000000183617
000000449546
000000221587
000000494077
000000491653
000000195456
000000513200
000000064411
000000333048
000000028367
000000549101
000000339295
000000115506
000000119630
000000228163
000000397773
000000327530
000000161503
000000365031
000000189171
000000066263
000000270295
000000247984
000000431696
000000123765
000000104392
000000235840
000000030674
000000134188
000000352370
000000011926
000000369721
000000525020
000000376144
000000010935
000000075325
000000545689
000000355228
000000567290
000000246499
000000525698
000000293900
000000078554
000000097643
000000269232
000000364176
000000052406
000000139007
000000115384
000000142587
000000496306
000000206429
000000260893
000000572399
000000329541
000000082140
000000224004
000000427632
000000105113
000000278961
000000212566
000000153142
000000477216
000000042135
000000071818
000000366085
000000363273
000000569442
000000058876
000000315948
000000138456
000000492383
000000376835
000000531070
000000357508
000000264347
000000444566
000000419711
000000454314
000000523772
000000310344
000000251191
000000018917
000000206618
000000014073
000000240194
000000332069
000000168531
000000172376
000000261202
000000058041
000000190322
000000488845
000000104098
000000294370
000000140988
000000407545
000000426852
000000546791
000000364757
000000225463
000000532810
000000295233
000000320376
000000007855
000000492924
000000113513
000000339966
000000180515
000000099321
000000010125
000000149630
000000393804
000000125412
000000577355
000000118584
000000254522
000000151573
000000457558
000000384726
000000275660
000000440778
000000496613
000000431355
000000389946
000000104310
000000324130
000000146047
000000276575
000000257732
000000030647
000000039012
000000460559
000000570394
000000336579
000000286591
000000513999
000000337189
000000237851
000000279104
000000063715
000000558055
000000141211
000000480583
000000241248
000000230000
000000522021
000000106557
000000442143
000000390908
000000510985
000000266898
000000491294
000000527922
000000162200
000000261072
000000229832
000000219014
000000154650
000000190241
000000401910
000000082597
000000530266
000000275868
000000403317
000000469514
000000111014
000000374043
000000009975
000000420673
000000473623
000000512037
000000567803
000000434053
000000190185
000000132699
000000531378
000000190861
000000435458
000000192631
000000581749
000000520727
000000236268
000000193785
000000327849
000000467484
000000354606
000000479057
000000128567
000000350251
000000493209
000000501062
000000118242
000000106970
000000043203
000000419497
000000389152
000000093852
000000046025
000000435783
000000040418
000000273053
000000417544
000000424337
000000197941
000000445276
000000230966
000000330088
000000069215
000000502613
000000015566
000000576956
000000263311
000000515814
000000366810
000000394326
000000402598
000000317640
000000154507
000000580363
000000291321
000000236350
000000088757
000000338067
000000153259
000000290314
000000430760
000000223996
000000186842
000000472495
000000125273
000000306900
000000371841
000000327580
000000291158
000000443129
000000299444
000000263454
000000373753
000000279081
000000508174
000000033727
000000516732
000000146722
000000285562
000000563986
000000576859
000000289739
000000061567
000000147108
000000015862
000000118065
000000257908
000000275837
000000029346
000000388721
000000511165
000000551793
000000169722
000000154633
000000147618
000000066056
000000532155
000000291102
000000451287
000000122235
000000069576
000000309100
000000005500
000000456350
000000176090
000000148859
000000448697
000000295887
000000293955
000000208147
000000125318
000000015759
000000018319
000000269372
000000141343
000000167155
000000411727
000000103386
000000234733
000000576153
000000298081
000000071857
000000437196
000000327881
000000103804
000000201758
000000013632
000000456756
000000124018
000000491662
000000045974
000000357996
000000334477
000000280840
000000145825
000000375674
000000271712
000000572795
000000528875
000000564162
000000348483
000000487153
000000467927
000000126956
000000378790
000000557720
000000393692
000000330532
000000559356
000000253854
000000386426
000000388768
000000068748
000000218147
000000309880
000000298672
000000006871
000000081107
000000267189
000000000987
000000012986
000000379754
000000432724
000000066727
000000219493
000000352744
000000103865
000000251183
000000508177
000000417055
000000217596
000000490317
000000247167
000000017997
000000139698
000000227547
000000510059
000000398362
000000141448
000000089232
000000159299
000000347267
000000253890
000000536973
000000440899
000000542950
000000556999
000000251125
000000505637
000000546179
000000095908
000000280257
000000540030
000000089955
000000518177
000000553447
000000165043
000000422382
000000364521
000000498770
000000125298
000000077901
000000528468
000000411823
000000533446
000000057107
000000505126
000000454854
000000095320
000000334491
000000236457
000000461758
000000425243
000000077375
000000080395
000000144224
000000330951
000000197437
000000475610
000000449844
000000421681
000000232755
000000054889
000000322824
000000561446
000000120060
000000059693
000000337690
000000352080
000000267950
000000572448
000000189740
000000150024
000000154924
000000177847
000000107868
000000028758
000000049331
000000321673
000000211909
000000071911
000000405999
000000553392
000000550739
000000170780
000000027452
000000203405
000000059987
000000014781
000000410231
000000494998
000000119438
000000224100
000000093922
000000178810
000000260882
000000507135
000000260464
000000218334
000000516114
000000179261
000000375751
000000213554
000000057250
000000026865
000000362275
000000155849
000000367535
000000231492
000000093331
000000109826
000000457235
000000413120
000000191573
000000167166
000000497736
000000132106
000000169401
000000203618
000000353662
000000573053
000000398808
000000572551
000000239581
000000067814
000000065088
000000493408
000000169598
000000056557
000000315864
000000561128
000000038900
000000527728
000000372150
000000524621
000000457584
000000415670
000000545325
000000553522
000000441614
000000557374
000000245232
000000189805
000000286764
000000234370
000000258509
000000202392
000000056695
000000341328
000000419062
000000292570
000000138133
000000423909
000000137320
000000038177
000000529777
000000487938
000000329806
000000079924
000000268266
000000322369
000000392629
000000255448
000000088575
000000402905
000000046650
000000034701
000000211030
000000241887
000000489159
000000529477
000000096328
000000018014
000000469142
000000348019
000000156555
000000223598
000000483041
000000318616
000000469762
000000179180
000000121215
000000204463
000000007028
000000409192
000000490986
000000091810
000000050531
000000323494
000000383762
000000327918
000000392219
000000542725
000000137927
000000233746
000000304250
000000325850
000000030967
000000195600
000000057173
000000406595
000000320451
000000431159
000000102010
000000190133
000000520683
000000377738
000000072342
000000145952
000000436464
000000502534
000000521806
000000061045
000000432064
000000221651
000000514772
000000101623
000000426824
000000566025
000000475425
000000220526
000000310058
000000158456
000000022257
000000090065
000000433225
000000515062
000000430096
000000558640
000000187924
000000127540
000000495322
000000331224
000000313957
000000443301
000000042931
000000357004
000000161835
000000424666
000000572626
000000226383
000000188515
000000052712
000000494572
000000531404
000000497351
000000077813
000000382758
000000203775
000000541601
000000478029
000000051587
000000291402
000000318385
000000465178
000000364770
000000313156
000000444500
000000169466
000000270195
000000077025
000000323182
000000074069
000000192217
000000167818
000000439213
000000181207
000000268733
000000382699
000000256835
000000249273
000000518573
000000335326
000000234883
000000423396
000000389677
000000347548
000000564938
000000477273
000000134320
000000526956
000000059110
000000381253
000000493329
000000153094
000000383141
000000341511
000000170204
000000428355
000000270651
000000405296
000000448571
000000091942
000000306264
000000030210
000000268390
000000162551
000000404795
000000163679
000000272219
000000010645
000000551739
000000366255
000000487194
000000446832
000000341502
000000233245
000000020380
000000546058
000000514111
000000208251
000000534845
000000100343
000000301201
000000283881
000000522108
000000348723
000000383662
000000325486
000000080960
000000513793
000000555882
000000387393
000000397269
000000577405
000000391200
000000581601
000000313063
000000223752
000000219196
000000009768
000000400149
000000084168
000000494220
000000442031
000000013428
000000137995
000000505288
000000155212
000000057965
000000550649
000000120935
000000301508
000000568315
000000384168
000000389056
000000340653
000000207629
000000552650
000000175057
000000137842
000000359140
000000359843
000000440409
000000327563
000000565884
000000531391
000000041293
000000094753
000000453260
000000390954
000000525559
000000269621
000000358384
000000048268
000000371999
000000265708
000000165884
000000342919
000000075778
000000308003
000000120721
000000014446
000000071502
000000419028
000000097017
000000440161
000000441577
000000081211
000000121902
000000379048
000000574908
000000158863
000000393297
000000365511
000000130588
000000210884
000000547388
000000081390
000000140053
000000279437
000000076916
000000063206
000000559816
000000453926
000000055580
000000115145
000000492723
000000394330
000000275821
000000430783
000000269704
000000306477
000000259029
000000252604
000000493505
000000454210
000000161518
000000440878
000000254292
000000257263
000000302242
000000303430
000000051949
000000276740
000000084064
000000400299
000000176558
000000367285
000000088146
000000276781
000000429691
000000409333
000000000508
000000257255
000000500196
000000001869
000000468341
000000092601
000000571553
000000046535
000000216470
000000552866
000000117742
000000067776
000000024498
000000224246
000000320857
000000266069
000000576927
000000149668
000000199943
000000080371
000000499903
000000248918
000000203827
000000209449
000000059385
000000098478
000000128417
000000414984
000000029426
000000060710
000000148184
000000007224
000000272132
000000576017
000000431146
000000492470
000000181799
000000439630
000000409512
000000543447
000000563803
000000530772
000000570259
000000156876
000000576614
000000034909
000000077472
000000265713
000000352505
000000019647
000000504486
000000052386
000000008731
000000096643
000000287484
000000253261
000000275242
000000024351
000000024404
000000081964
000000161098
000000109820
000000318365
000000144330
000000224819
000000527972
000000160143
000000030447
000000146503
000000226539
000000581662
000000137154
000000487236
000000564735
000000176487
000000202966
000000337857
000000420461
000000415119
000000091587
000000118852
000000173385
000000067143
000000306569
000000004956
000000560281
000000122959
000000064157
000000308473
000000000797
000000462429
000000068993
000000467522
000000015525
000000224777
000000256091
000000312204
000000569838
000000278291
000000012416
000000368284
000000284324
000000380138
000000337297
000000439356
000000239854
000000570483
000000087123
000000367242
000000312789
000000471837
000000490830
000000222191
000000532941
000000365103
000000357733
000000097890
000000513099
000000476967
000000330243
000000016573
000000511549
000000377011
000000094353
000000488295
000000566847
000000379246
000000064822
000000227468
000000074780
000000363574
000000131531
000000412978
000000263735
000000070491
000000220446
000000520840
000000241372
000000564726
000000498532
000000229946
000000506812
000000313888
000000116607
000000185151
000000453885
000000237869
000000239505
000000114093
000000477542
000000250066
000000456750
000000389914
000000456420
000000329652
000000568425
000000191689
000000147306
000000243818
000000467369
000000194180
000000566174
000000496166
000000568150
000000500616
000000203098
000000309175
000000425945
000000471680
000000284578
000000161569
000000429221
000000534128
000000296703
000000496829
000000029125
000000402004
000000372458
000000013145
000000467727
000000569823
000000401124
000000147838
000000230050
000000052818
000000027215
000000151235
000000557442
000000554502
000000338878
000000460022
000000529203
000000413037
000000173125
000000560893
000000133051
000000235038
000000350214
000000282793
000000229385
000000235914
000000562804
000000179102
000000181938
000000513505
000000294925
000000427068
000000263264
000000276192
000000161937
000000517171
000000162524
000000234749
000000332182
000000442911
000000450965
000000555900
000000218557
000000035793
000000538589
000000581913
000000202241
000000236792
000000328054
000000390610
000000366256
000000451761
000000032682
000000030944
000000506078
000000097217
000000328041
000000024847
000000010547
000000472913
000000401622
000000539908
000000403020
000000526029
000000464498
000000232401
000000085212
000000520851
000000073045
000000004579
000000335844
000000062257
000000091080
000000065829
000000059458
000000381213
000000327936
000000120831
000000048692
000000258710
000000065971
000000031602
000000029019
000000313596
000000335289
000000211573
000000006415
000000512966
000000346540
000000483487
000000266487
000000177516
000000061761
000000345117
000000276852
000000199628
000000409855
000000170327
000000319360
000000408263
000000273618
000000063508
000000414894
000000284925
000000447487
000000404460
000000350069
000000483043
000000248732
000000109638
000000148516
000000284274
000000013228
000000074573
000000492853
000000128074
000000076138
000000280114
000000446526
000000256097
000000416749
000000339210
000000187732
000000479720
000000342715
000000498383
000000160200
000000305208
000000323295
000000381865
000000414111
000000296707
000000436949
000000349486
000000306327
000000571774
000000563334
000000392928
000000287554
000000104880
000000156308
000000121692
000000340345
000000090245
000000283814
000000174079
000000564109
000000060316
000000303549
000000134538
000000544472
000000421069
000000289758
000000298479
000000125009
000000019102
000000347128
000000308096
000000239082
000000452341
000000337815
000000524916
000000432448
000000334015
000000242423
000000365517
000000142245
000000089924
000000523664
000000369869
000000125201
000000404910
000000079887
000000468087
000000217760
000000114541
000000353581
000000576608
000000296208
000000451588
000000209186
000000151184
000000137045
000000165265
000000277885
000000195332
000000383884
000000166092
000000326325
000000414109
000000479936
000000029182
000000306895
000000012357
000000490153
000000345062
000000021443
000000159742
000000200857
000000359201
000000247880
000000022710
000000047638
000000430396
000000126595
000000049024
000000367448
000000573329
000000476539
000000248666
000000260293
000000238717
000000411043
000000193451
000000534581
000000278763
000000458642
000000258788
000000496847
000000225598
000000159262
000000276631
000000159392
000000189245
000000239757
000000189864
000000025951
000000393744
000000246672
000000518773
000000018183
000000319848
000000084879
000000060409
000000262189
000000248948
000000329644
000000527391
000000106993
000000005453
000000102297
000000187654
000000217704
000000463589
000000542084
000000273497
000000315824
000000324339
000000203221
000000428975
000000226018
000000412178
000000122936
000000346633
000000096833
000000267476
000000012998
000000275929
000000573509
000000256915
000000036292
000000326663
000000093786
000000578715
000000211632
000000151908
000000055128
000000485300
000000131067
000000570742
000000162598
000000270379
000000366476
000000303056
000000359302
000000533843
000000375529
000000372816
000000552156
000000079530
000000107262
000000221028
000000571938
000000348648
000000342494
000000571431
000000040551
000000127406
000000022287
000000343847
000000412874
000000485452
000000475754
000000221360
000000528882
000000039789
000000058554
000000450245
000000050994
000000293283
000000175991
000000205590
000000333887
000000085390
000000073019
000000165106
000000568863
000000314265
000000122952
000000117079
000000252000
000000220428
000000167863
000000512892
000000190234
000000543392
000000313209
000000232656
000000370149
000000063777
000000237911
000000240195
000000284765
000000419106
000000035222
000000410648
000000396421
000000434771
000000173644
000000042228
000000085637
000000376919
000000482834
000000366867
000000280926
000000286874
000000207507
000000021294
000000350425
000000567616
000000341161
000000027879
000000184642
000000242597
000000339469
000000338168
000000502637
000000366641
000000533063
000000360617
000000395130
000000062805
000000240800
000000022660
000000101096
000000517394
000000496746
000000326511
000000383730
000000028806
000000554471
000000459136
000000398139
000000365631
000000475318
000000144115
000000246275
000000324250
000000116424
000000075254
000000151307
000000310546
000000427767
000000503411
000000083473
000000477671
000000568495
000000229274
000000087737
000000129079
000000187939
000000499835
000000557368
000000303197
000000227976
000000244401
000000448917
000000320403
000000208850
000000322897
000000036796
000000246909
000000289354
000000178248
000000378098
000000043614
000000397826
000000577091
000000390134
000000198043
000000475566
000000046009
000000425041
000000046104
000000419443
000000381661
000000295553
000000219467
000000344831
000000168905
000000006949
000000148703
000000055544
000000223094
000000118862
000000223599
000000248133
000000391116
000000415447
000000470411
000000134194
000000401860
000000393155
000000016839
000000556638
000000141852
000000564317
000000411695
000000468379
000000290836
000000278860
000000215405
000000284805
000000499862
000000300424
000000189446
000000462386
000000145280
000000559449
000000026227
000000191228
000000026551
000000189351
000000334938
000000003794
000000537890
000000263320
000000388235
000000401083
000000417588
000000197091
000000235953
000000309437
000000099642
000000509176
000000128337
000000015155
000000087338
000000205193
000000312841
000000472557
000000159500
000000502725
000000429335
000000190035
000000380049
000000022649
000000332614
000000439126
000000570573
000000341065
000000510622
000000478374
000000058733
000000269749
000000212587
000000267942
000000185820
000000543541
000000485113
000000400953
000000515196
000000515565
000000326209
000000221666
000000274651
000000313555
000000154301
000000057999
000000477417
000000312355
000000192098
000000443334
000000218406
000000441788
000000212268
000000192453
000000565932
000000453297
000000195790
000000165231
000000500662
000000429996
000000071409
000000269450
000000326001
000000024393
000000219904
000000315994
000000045628
000000036423
000000249587
000000424218
000000455343
000000430002
000000172404
000000164091
000000287695
000000034869
000000025974
000000513445
000000402207
000000384693
000000153136
000000532684
000000242695
000000425712
000000398172
000000407520
000000379922
000000574057
000000537382
000000341707
000000228133
000000218312
000000169502
000000238114
000000549535
000000425055
000000350969
000000206731
000000078468
000000057689
000000170908
000000273688
000000170225
000000168754
000000561714
000000032986
000000366527
000000032639
000000438663
000000450914
000000234590
000000287099
000000232005
000000142903
000000140946
000000351521
000000314602
000000337585
000000111992
000000127626
000000191005
000000252724
000000294104
000000069911
000000510333
000000400576
000000329355
000000496662
000000140999
000000005913
000000159424
000000476111
000000447552
000000262522
000000274224
000000332549
000000402305
000000212690
000000214827
000000578852
000000201930
000000143167
000000342718
000000124190
000000115749
000000530212
000000285388
000000487534
000000197616
000000403424
000000450407
000000079394
000000092526
000000528944
000000236542
000000339355
000000466449
000000056852
000000435090
000000136111
000000188416
000000423425
000000353920
000000109568
000000034985
000000095772
000000533678
000000332109
000000396304
000000408556
000000204969
000000452696
000000500079
000000468178
000000067572
000000048892
000000489510
000000563110
000000489085
000000171632
000000557823
000000185072
000000250048
000000041373
000000077858
000000514407
000000562745
000000194381
000000443583
000000098671
000000206623
000000012786
000000374946
000000334109
000000406601
000000184938
000000479504
000000526534
000000073916
000000524848
000000187125
000000379101
000000228464
000000131570
000000133278
000000444828
000000294098
000000176149
000000288275
000000426204
000000526030
000000030010
000000494211
000000129059
000000229774
000000051583
000000371280
000000174711
000000108326
000000540863
000000047936
000000445569
000000254418
000000213881
000000241364
000000008160
000000150576
000000561635
000000144484
000000084389
000000260317
000000482826
000000091492
000000130226
000000304528
000000409884
000000562620
000000477718
000000441231
000000338118
000000033074
000000374947
000000334170
000000493148
000000405563
000000358174
000000451284
000000542112
000000365372
000000486905
000000343452
000000372247
000000123421
000000510299
000000316059
000000056364
000000504470
000000122964
000000150360
000000401602
000000503595
000000139796
000000538957
000000048252
000000554351
000000374999
000000153998
000000068502
000000305634
000000213399
000000150669
000000308715
000000550952
000000195947
000000294008
000000132015
000000013284
000000578046
000000169097
000000341804
000000328888
000000394504
000000289712
000000220139
000000225704
000000239190
000000491997
000000411857
000000054837
000000369128
000000099010
000000279066
000000499697
000000486941
000000262369
000000066767
000000530127
000000344261
000000002276
000000162841
000000178634
000000283196
000000449180
000000051434
000000085962
000000349791
000000404652
000000483334
000000297976
000000333502
000000242909
000000428208
000000265742
000000443390
000000230795
000000221889
000000547221
000000184402
000000189243
000000052726
000000350648
000000012999
000000469002
000000457060
000000484407
000000142622
000000038198
000000093428
000000364439
000000346890
000000277134
000000491611
000000268395
000000454832
000000541157
000000321508
000000473011
000000049413
000000523735
000000214587
000000537395
000000533011
000000359033
000000045247
000000288358
000000270639
000000492371
000000340706
000000251988
000000255224
000000311326
000000244928
000000256938
000000185983
000000164372
000000169947
000000445601
000000420750
000000073511
000000200307
000000042735
000000015565
000000525693
000000206362
000000446322
000000359678
000000332757
000000257451
000000274551
000000525152
000000346876
000000407185
000000511036
000000049878
000000335653
000000476127
000000131300
000000096713
000000178785
000000429228
000000369712
000000313946
000000228957
000000235833
000000345275
000000107836
000000196093
000000108408
000000378299
000000014819
000000374707
000000366086
000000046245
000000097028
000000180160
000000544250
000000501651
000000199669
000000486805
000000096958
000000565769
000000210654
000000159103
000000341710
000000485773
000000114694
000000280731
000000075415
000000358660
000000452746
000000541880
000000226712
000000309280
000000103583
000000103295
000000550527
000000559556
000000558436
000000011552
000000543957
000000117958
000000369380
000000213423
000000137779
000000082776
000000015830
000000345068
000000031079
000000346061
000000075051
000000032751
000000091553
000000325758
000000496458
000000088902
000000191353
000000200068
000000231596
000000261186
000000065025
000000191120
000000030361
000000250367
000000546702
000000109648
000000194956
000000264191
000000141051
000000183004
000000207686
000000116453
000000464347
000000545317
000000203859
000000248019
000000313244
000000417586
000000182503
000000478490
000000123946
000000047492
000000335999
000000386253
000000173474
000000132262
000000014820
000000020795
000000560591
000000280688
000000233537
000000375013
000000028976
000000012902
000000548792
000000347967
000000136168
000000532403
000000255524
000000069494
000000304937
000000229456
000000454110
000000409525
000000560358
000000516455
000000453438
000000543192
000000573576
000000499771
000000415714
000000554996
000000018040
000000242465
000000046883
000000113360
000000136027
000000196558
000000505849
000000032704
000000157502
000000254411
000000046506
000000500677
000000362608
000000220124
000000383012
000000436603
000000062943
000000462974
000000578203
000000379038
000000410992
000000320098
000000350084
000000205124
000000164153
000000363247
000000288707
000000131516
000000039043
000000453509
000000187279
000000514218
000000094381
000000562382
000000338521
000000254415
000000576010
000000067832
000000572876
000000033626
000000445179
000000047396
000000167359
000000071549
000000001903
000000230148
000000104900
000000236717
000000161163
000000033994
000000444769
000000062864
000000552791
000000259988
000000320707
000000554800
000000112732
000000300501
000000263600
000000361923
000000554994
000000453517
000000014862
000000201446
000000101647
000000090753
000000351149
000000072041
000000208164
000000565077
000000292982
000000331629
000000482233
000000341550
000000471895
000000097841
000000028942
000000567186
000000551279
000000202752
000000528756
000000242940
000000051476
000000214766
000000566115
000000176306
000000130171
000000121601
000000374107
000000168482
000000185513
000000222083
000000046255
000000229976
000000224193
000000278175
000000107783
000000210672
000000206371
000000536902
000000368873
000000415322
000000469638
000000054323
000000386632
000000101571
000000485261
000000091766
000000262552
000000395293
000000335864
000000485928
000000526782
000000195508
000000318006
000000105881
000000361193
000000149284
000000521222
000000158000
000000066800
000000508567
000000459466
000000201074
000000535788
000000228541
000000338367
000000280838
000000243645
000000163309
000000128812
000000503356
000000325391
000000050322
000000521125
000000102842
000000075319
000000450346
000000160283
000000332498
000000256160
000000487475
000000327876
000000273068
000000050350
000000479202
000000023976
000000532525
000000563840
000000552585
000000224878
000000311068
000000246646
000000186828
000000260910
000000314481
000000564837
000000496264
000000484090
000000580629
000000272211
000000565966
000000495079
000000375840
000000080511
000000136609
000000448308
000000052490
000000162693
000000518440
000000263783
000000511736
000000354261
000000107427
000000166869
000000458467
000000002931
000000170428
000000298900
000000025191
000000211040
000000556073
000000365553
000000540107
000000077979
000000454232
000000306191
000000084536
000000243817
000000124718
000000301727
000000491477
000000261503
000000557573
000000531334
000000463596
000000281609
000000176442
000000030222
000000496214
000000187434
000000536615
000000140438
000000430590
000000431008
000000579781
000000312887
000000257029
000000035899
000000426828
000000221736
000000220665
000000106045
000000232902
000000220306
000000280804
000000093708
000000497661
000000203143
000000492671
000000349469
000000301875
000000242248
000000238154
000000137006
000000404066
000000421283
000000101684
000000020857
000000213023
000000371643
000000338964
000000160137
000000135411
000000541298
000000100607
000000156567
000000387360
000000193194
000000048630
000000528372
000000387293
000000539173
000000357734
000000557515
000000002061
000000274897
000000126059
000000384598
000000423172
000000233780
000000510781
000000053597
000000443725
000000068738
000000310163
000000141441
000000251793
000000352511
000000510517
000000390625
000000271729
000000476589
000000476975
000000374333
000000056486
000000428991
000000290425
000000088045
000000108243
000000190177
000000511245
000000046114
000000530117
000000132758
000000552870
000000520197
000000113599
000000175948
000000415768
000000263477
000000383420
000000248601
000000112053
000000478645
000000536535
000000162182
000000003742
000000293514
000000503137
000000161740
000000005151
000000157921
000000442394
000000253828
000000574025
000000122343
000000372807
000000338235
000000172654
000000040966
000000168455
000000146824
000000479200
000000479941
000000211346
000000515993
000000383341
000000004794
000000186719
000000138494
000000406786
000000348315
000000462773
000000480333
000000453772
000000278899
000000380983
000000252761
000000411926
000000380315
000000416819
000000093683
000000060999
000000523529
000000521195
000000281599
000000212842
000000471156
000000298395
000000360185
000000031437
000000224736
000000311938
000000503023
000000541219
000000241579
000000110369
000000115681
000000411350
000000296769
000000289187
000000462801
000000318730
000000312038
000000575909
000000215196
000000270384
000000405660
000000235253
000000287095
000000262393
000000474832
000000392747
000000317935
000000026376
000000527193
000000547097
000000428945
000000110324
000000059582
000000445433
000000268130
000000006464
000000558401
000000091716
000000527717
000000444880
000000025820
000000408543
000000268254
000000112577
000000063540
000000442859
000000472953
000000469531
000000563061
000000077467
000000067074
000000071516
000000025195
000000005184
000000190323
000000274684
000000099474
000000488941
000000434884
000000202326
000000259027
000000344174
000000162688
000000536683
000000221477
000000027272
000000447647
000000335174
000000381914
000000027009
000000409181
000000168076
000000148002
000000439374
000000272188
000000176506
000000091113
000000026936
000000144915
000000232186
000000046612
000000157825
000000152751
000000243190
000000213650
000000073680
000000510606
000000238171
000000411968
000000196521
000000367952
000000169891
000000312951
000000407990
000000203748
000000109355
000000503200
000000557399
000000256860
000000311099
000000051101
000000177078
000000201764
000000453104
000000534284
000000109036
000000224910
000000299082
000000565664
000000576301
000000180767
000000187890
000000537035
000000399542
000000364040
000000058315
000000531289
000000108669
000000312467
000000034938
000000457448
000000394841
000000544831
000000467762
000000225709
000000239174
000000382012
000000001085
000000145062
000000195860
000000292467
000000461650
000000081205
000000087936
000000341529
000000316293
000000313491
000000355426
000000330621
000000178520
000000062831
000000467062
000000459440
000000574922
000000197891
000000040962
000000514280
000000419116
000000442670
000000581668
000000481909
000000195650
000000093832
000000558524
000000069163
000000185716
000000329034
000000203767
000000338419
000000504955
000000005111
000000128015
000000197792
000000436611
000000065448
000000218926
000000211756
000000448492
000000431825
000000254250
000000063726
000000241779
000000344844
000000051993
000000545274
000000078071
000000111706
000000335827
000000410054
000000531797
000000565245
000000085236
000000246931
000000208417
000000278639
000000150685
000000371977
000000254003
000000448145
000000298956
000000043128
000000551896
000000373109
000000383026
000000329946
000000216197
000000139695
000000340498
000000194676
000000396977
000000499423
000000214119
000000445028
000000195761
000000110327
000000543985
000000348951
000000333918
000000098529
000000133273
000000506965
000000472181
000000078323
000000271590
000000022448
000000283780
000000014271
000000239283
000000143096
000000048867
000000440104
000000221915
000000102654
000000050578
000000227568
000000365729
000000064708
000000480894
000000358586
000000517294
000000024287
000000008267
000000564851
000000544717
000000289751
000000408802
000000359479
000000027929
000000258554
000000019665
000000106401
000000491259
000000117841
000000206377
000000459879
000000013432
000000119145
000000483058
000000125585
000000075481
000000104544
000000147615
000000045280
000000355568
000000250958
000000255631
000000291833
000000253764
000000475361
000000113185
000000484573
000000044962
000000176211
000000252348
000000186614
000000179876
000000302278
000000055445
000000560754
000000508669
000000534548
000000229234
000000116393
000000374563
000000282377
000000479663
000000508577
000000352533
000000213364
000000363671
000000577723
000000469336
000000351297
000000093031
000000300189
000000071589
000000124215
000000073790
000000030432
000000182469
000000066866
000000340109
000000232517
000000064360
000000555673
000000065732
000000336660
000000012494
000000018267
000000577968
000000005180
000000385085
000000218513
000000318507
000000154614
000000306407
000000306365
000000142581
000000288131
000000484964
000000508931
000000001840
000000427975
000000330593
000000145369
000000447902
000000017600
000000178553
000000515870
000000005754
000000572546
000000345177
000000436410
000000461477
000000149550
000000332403
000000076254
000000524820
000000370171
000000355870
000000126534
000000439288
000000408623
000000014855
000000304864
000000464018
000000568529
000000429995
000000251736
000000197597
000000355851
000000174011
000000419081
000000271522
000000150932
000000292931
000000438060
000000029855
000000253578
000000452846
000000363078
000000215215
000000288176
000000277613
000000446413
000000258770
000000186585
000000028260
000000243836
000000260453
000000271063
000000224929
000000326035
000000000757
000000555494
000000313979
000000076187
000000182175
000000567990
000000525988
000000536786
000000437300
000000348850
000000047983
000000417689
000000471528
000000013492
000000088349
000000486043
000000091397
000000384332
000000439171
000000546581
000000131504
000000206147
000000075162
000000576941
000000059497
000000422783
000000262979
000000115191
000000393979
000000028930
000000126994
000000165034
000000271324
000000146769
000000385390
000000038314
000000444912
000000488150
000000135364
000000548953
000000037509
000000533896
000000295201
000000346190
000000239145
000000542384
000000034579
000000241916
000000394957
000000366591
000000083246
000000340654
000000045478
000000090810
000000564074
000000101456
000000085817
000000293265
000000145093
000000291990
000000380072
000000094084
000000235783
000000050360
000000161308
000000544349
000000575209
000000535262
000000485616
000000518855
000000398350
000000214634
000000462224
000000280157
000000015006
000000074312
000000165766
000000564940
000000553682
000000211116
000000573518
000000523267
000000540988
000000326408
000000101660
000000437685
000000327576
000000260618
000000081033
000000254281
000000071492
000000542602
000000348651
000000135525
000000528516
000000179273
000000227866
000000542130
000000497390
000000487837
000000467911
000000219943
000000455974
000000207089
000000434672
000000254808
000000213309
000000325799
000000134327
000000462736
000000267571
000000142207
000000263784
000000300147
000000021260
000000454195
000000254431
000000102912
000000299024
000000098693
000000384848
000000559400
000000252699
000000322762
000000013843
000000252459
000000083754
000000437662
000000007856
000000413776
000000309720
000000496977
000000417606
000000410781
000000305738
000000446303
000000426459
000000487422
000000064962
000000002197
000000453390
000000544883
000000180208
000000195531
000000505389
000000393486
000000228858
000000441445
000000499418
000000451133
000000236714
000000304092
000000150365
000000489916
000000026731
000000113338
000000345797
000000339007
000000152070
000000573975
000000572487
000000016689
000000352305
000000539406
000000549122
000000499852
000000315028
000000055443
000000179011
000000036755
000000320282
000000023415
000000405032
000000425004
000000022834
000000454078
000000474430
000000261071
000000008418
000000428817
000000546088
000000304319
000000484304
000000238184
000000165916
000000517366
000000222990
000000547460
000000224701
000000512110
000000546846
000000565543
000000109942
000000094113
000000445775
000000308849
000000555470
000000310611
000000573374
000000143511
000000015693
000000327020
000000577857
000000530571
000000087901
000000148102
000000046634
000000070067
000000467206
000000185181
000000366956
000000333024
000000184159
000000338057
000000005540
000000330054
000000029023
000000356817
000000136540
000000110630
000000500214
000000407970
000000223410
000000294877
000000138806
000000045057
000000050637
000000460812
000000035594
000000216551
000000326454
000000444340
000000322008
000000007867
000000237697
000000175291
000000493272
000000264381
000000269862
000000037157
000000374458
000000464902
000000437604
000000120905
000000321665
000000158345
000000332315
000000326716
000000239559
000000204436
000000021475
000000316154
000000547903
000000493868
000000512840
000000325783
000000313345
000000031946
000000219920
000000577926
000000119194
000000040474
000000459914
000000264964
000000312724
000000526927
000000311678
000000016449
000000294763
000000389101
000000152858
000000570705
000000115037
000000410657
000000570785
000000043210
000000418282
000000456569
000000377394
000000347748
000000232790
000000108627
000000424532
000000385026
000000199855
000000224874
000000496801
000000217645
000000173315
000000020860
000000247311
000000270098
000000569851
000000370193
000000043764
000000301262
000000569325
000000512275
000000485333
000000065842
000000046152
000000164103
000000131060
000000487009
000000519566
000000274074
000000575414
000000203545
000000476380
000000449082
000000135972
000000503404
000000199815
000000557197
000000065124
000000186233
000000126983
000000483955
000000296846
000000359567
000000248108
000000516628
000000416078
000000047737
000000221546
000000535145
000000579632
000000318741
000000255335
000000080455
000000361400
000000532559
000000322411
000000331059
000000085632
000000033386
000000301039
000000265243
000000197200
000000235838
000000518610
000000167234
000000529562
000000523638
000000192171
000000297726
000000330529
000000244227
000000455136
000000526645
000000525549
000000077479
000000516777
000000308952
000000076835
000000364399
000000133237
000000403950
000000218606
000000132781
000000357169
000000157796
000000438926
000000230168
000000432119
000000398407
000000182240
000000161348
000000405053
000000561208
000000029508
000000359945
000000401777
000000196584
000000501435
000000514055
000000226866
000000089503
000000331600
000000053931
000000332723
000000309491
000000343571
000000143661
000000262690
000000152197
000000186747
000000011721
000000110217
000000180503
000000376013
000000196865
000000546245
000000404262
000000461283
000000068595
000000089481
000000332943
000000129903
000000492163
000000126030
000000510117
000000415203
000000242120
000000436435
000000391896
000000146813
000000277435
000000370123
000000365879
000000183771
000000161486
000000144305
000000467609
000000542342
000000417957
000000149117
000000555387
000000304973
000000169273
000000579437
000000439738
000000270001
000000472907
000000083987
000000029327
000000350083
000000367100
000000365707
000000281371
000000355110
000000412996
000000507879
000000443988
000000517405
000000232453
000000230462
000000004038
000000441225
000000384197
000000149252
000000408252
000000531523
000000098115
000000249676
000000278229
000000391684
000000030911
000000361376
000000195113
000000348751
000000041147
000000355223
000000060213
000000507329
000000361253
000000563411
000000422026
000000536274
000000119137
000000415976
000000083960
000000056397
000000159109
000000249346
000000475007
000000059295
000000343972
000000406189
000000540830
000000383601
000000041984
000000230576
000000130950
000000020031
000000188062
000000465309
000000446324
000000393805
000000112836
000000519490
000000546301
000000280112
000000205121
000000260097
000000457723
000000334810
000000271857
000000087286
000000242345
000000520435
000000353300
000000510757
000000342184
000000480757
000000277055
000000385641
000000369998
000000306499
000000094317
000000132447
000000163497
000000095329
000000460078
000000558594
000000438556
000000001111
000000045419
000000060400
000000544215
000000225468
000000150254
000000301837
000000474108
000000013835
000000346938
000000574194
000000027829
000000538742
000000553154
000000191666
000000176728
000000439930
000000055465
000000388290
000000309850
000000577312
000000528880
000000425461
000000119418
000000049987
000000535056
000000175612
000000450318
000000119290
000000315521
000000453050
000000344883
000000283181
000000446420
000000458388
000000489467
000000219064
000000059708
000000341029
000000572250
000000038389
000000220889
000000529804
000000222261
000000048601
000000152483
000000038310
000000396120
000000503718
000000266518
000000354380
000000234786
000000418002
000000024416
000000474003
000000086294
000000246104
000000074787
000000490680
000000008081
000000414711
000000098090
000000405041
000000332537
000000046656
000000026421
000000283220
000000332691
000000101535
000000487962
000000542255
000000521245
000000096354
000000045387
000000540859
000000225750
000000144157
000000030925
000000547637
000000142470
000000142497
000000086916
000000340238
000000104313
000000155540
000000193347
000000495379
000000457481
000000287407
000000186868
000000270554
000000027370
000000542077
000000496869
000000176142
000000263268
000000220089
000000181035
000000548545
000000369094
000000222276
000000085777
000000144194
000000271977
000000194140
000000065024
000000463140
000000296322
000000212803
000000111556
000000505661
000000579374
000000023759
000000010414
000000300123
000000296110
000000149027
000000240376
000000138810
000000236998
000000099387
000000045075
000000474402
000000019037
000000352234
000000324308
000000510706
000000327068
000000191007
000000517565
000000139490
000000059750
000000546695
000000266825
000000294418
000000510027
000000439602
000000000034
000000444537
000000415225
000000385864
000000226206
000000140590
000000223122
000000157977
000000443941
000000379177
000000438429
000000284545
000000001681
000000139675
000000515364
000000030470
000000325012
000000246199
000000518501
000000128136
000000524331
000000449467
000000285214
000000331096
000000174247
000000086267
000000266442
000000326613
000000314929
000000041839
000000395667
000000509551
000000448351
000000145032
000000178193
000000281281
000000447117
000000505226
000000210221
000000268433
000000188053
000000140129
000000214210
000000169606
000000222994
000000013574
000000203388
000000356673
000000071972
000000117718
000000206903
000000312141
000000288846
000000004978
000000139282
000000023699
000000353408
000000366984
000000562054
000000386755
000000053965
000000565321
000000450790
000000181680
000000486655
000000313538
000000073414
000000555701
000000065353
000000053208
000000518615
000000408930
000000336777
000000567189
000000110798
000000372427
000000217228
000000282987
000000453321
000000105256
000000412857
000000277208
000000440729
000000186124
000000220086
000000252611
000000427150
000000118134
000000470473
000000140730
000000190432
000000541004
000000356368
000000134474
000000026086
000000130252
000000460642
000000362919
000000203481
000000138556
000000515125
000000578553
000000082324
000000136487
000000129305
000000038294
000000113128
000000559214
000000570088
000000235529
000000043388
000000207880
000000446732
000000554703
000000537037
000000413736
000000119827
000000407487
000000509095
000000042828
000000465552
000000104001
000000459451
000000319398
000000039475
000000038083
000000551170
000000158770
000000424376
000000056212
000000173647
000000169934
000000025660
000000000753
000000408393
000000145432
000000305374
000000049741
000000249111
000000191854
000000182968
000000135206
000000413001
000000493333
000000305626
000000311424
000000401231
000000446126
000000505919
000000040878
000000230078
000000566486
000000577521
000000522653
000000309341
000000005437
000000364683
000000055776
000000179430
000000379716
000000221165
000000255197
000000573246
000000209701
000000140603
000000111813
000000540483
000000489719
000000392480
000000109424
000000327738
000000490118
000000204390
000000451409
000000497930
000000354946
000000328383
000000038630
000000080974
000000340305
000000440286
000000357948
000000523581
000000558362
000000557848
000000253491
000000141756
000000457219
000000392404
000000379554
000000048664
000000058816
000000403482
000000164751
000000240414
000000325357
000000398771
000000012098
000000030281
000000473651
000000465211
000000456310
000000127104
000000549954
000000245206
000000382673
000000190568
000000480793
000000120197
000000087504
000000469877
000000549413
000000303453
000000423637
000000065610
000000050232
000000128102
000000101692
000000468972
000000281131
000000222122
000000225931
000000541677
000000012010
000000223832
000000256513
000000546517
000000498353
000000514200
000000312334
000000221820
000000339943
000000154811
000000539163
000000391627
000000416555
000000410670
000000109635
000000284025
000000183788
000000359268
000000507840
000000146131
000000503967
000000367558
000000020261
000000320203
000000288202
000000363554
000000312486
000000448703
000000134532
000000170017
000000137757
000000279165
000000555861
000000045173
000000208310
000000303361
000000573544
000000246221
000000264540
000000416325
000000529348
000000191174
000000247157
000000106644
000000198255
000000072892
000000378548
000000012059
000000304558
000000475641
000000017316
000000398712
000000258027
000000355650
000000362038
000000514338
000000172627
000000010327
000000107228
000000199063
000000362498
000000079146
000000016494
000000191444
000000438315
000000341572
000000293543
000000452908
000000230515
000000364618
000000015750
000000494122
000000267067
000000260510
000000150444
000000054229
000000230490
000000038628
000000337653
000000198706
000000269798
000000523577
000000205234
000000508731
000000361830
000000455222
000000388744
000000012488
000000458141
000000295932
000000580152
000000364266
000000070062
000000439366
000000035778
000000548053
000000033413
000000476008
000000429215
000000079116
000000247459
000000377597
000000137591
000000197745
000000511403
000000381112
000000409821
000000051001
000000427613
000000467685
000000041001
000000125944
000000042658
000000165636
000000202944
000000306798
000000514230
000000148700
000000050242
000000411291
000000188514
000000103631
000000023378
000000306145
000000157815
000000401821
000000296388
000000312886
000000488880
000000130745
000000003314
000000484474
000000263727
000000231222
000000392362
000000579545
000000220453
000000318815
000000571656
000000363505
000000389308
000000264316
000000166766
000000112734
000000575776
000000487018
000000379467
000000547047
000000498650
000000124731
000000445726
000000466118
000000417458
000000168686
000000389793
000000441358
000000483545
000000086908
000000020392
000000381485
000000308806
000000399220
000000247951
000000175743
000000191812
000000538480
000000449856
000000375086
000000387563
000000235532
000000454348
000000186268
000000255954
000000141805
000000240304
000000071093
000000268185
000000331490
000000141139
000000467502
000000549276
000000398177
000000176969
000000345864
000000571331
000000397512
000000268938
000000021795
000000382213
000000265084
000000553984
000000026045
000000259374
000000282978
000000123646
000000531023
000000141709
000000317241
000000463226
000000102144
000000393228
000000478473
000000413871
000000265839
000000461993
000000279071
000000326359
000000361108
000000404243
000000500043
000000319273
000000372412
000000078572
000000009199
000000110937
000000400274
000000373099
000000347248
000000016233
000000577447
000000175156
000000065380
000000182056
000000168898
000000522916
000000473348
000000317177
000000550555
000000412592
000000528466
000000548388
000000386962
000000561529
000000160447
000000104397
000000060126
000000516823
000000277162
000000325524
000000512495
000000577221
000000035400
000000283500
000000473438
000000237762
000000353605
000000493162
000000332039
000000218762
000000557855
000000366802
000000153126
000000416125
000000236324
000000296706
000000142295
000000045668
000000174167
000000021061
000000282808
000000097159
000000068996
000000090662
000000502758
000000072428
000000238272
000000466430
000000176316
000000018495
000000543729
000000043917
000000489605
000000148358
000000382839
000000392879
000000579487
000000315226
000000559700
000000260580
000000267852
000000210267
000000322553
000000241818
000000127282
000000075090
000000517139
000000079143
000000324188
000000159756
000000519626
000000119015
000000534349
000000540296
000000387546
000000115649
000000433229
000000453319
000000380292
000000203452
000000202562
000000545749
000000335733
000000004079
000000421182
000000129675
000000541182
000000179409
000000166260
000000503227
000000007367
000000083953
000000374605
000000375916
000000392394
000000091454
000000322226
000000044642
000000465163
000000576119
000000302982
000000507017
000000083753
000000054959
000000124135
000000132902
000000039987
000000550844
000000436859
000000406926
000000136807
000000145391
000000536602
000000486769
000000454207
000000102275
000000438314
000000272630
000000373218
000000533751
000000378604
000000264618
000000347724
000000319155
000000214733
000000027406
000000325793
000000196879
000000074403
000000505486
000000361618
000000044780
000000506903
000000005574
000000196320
000000291348
000000149304
000000013468
000000571328
000000445768
000000484364
000000413121
000000331236
000000389586
000000183990
000000345137
000000055753
000000336697
000000126972
000000115566
000000302872
000000200280
000000333156
000000371222
000000480553
000000283996
000000477673
000000250533
000000242100
000000315524
000000134213
000000312890
000000085005
000000145699
000000476103
000000200718
000000487191
000000500212
000000192301
000000282173
000000546232
000000341040
000000218788
000000572675
000000105670
000000574720
000000178685
000000090718
000000248709
000000513127
000000056768
000000514171
000000327794
000000285023
000000466210
000000260484
000000158333
000000321546
000000273045
000000233938
000000546655
000000008218
000000555365
000000113481
000000173289
000000300615
000000048383
000000497777
000000345074
000000533525
000000541532
000000165543
000000108384
000000524724
000000292734
000000319127
000000387615
000000133622
000000406805
000000347957
000000182658
000000482210
000000323502
000000356834
000000028156
000000455548
000000143946
000000002232
000000225230
000000018723
000000434870
000000130880
000000242784
000000203440
000000371997
000000414078
000000096975
000000365232
000000290183
000000102996
000000095891
000000017203
000000529950
000000106165
000000569261
000000078035
000000029056
000000049733
000000203707
000000352236
000000235646
000000239565
000000427471
000000256809
000000155457
000000019581
000000303233
000000567410
000000062386
000000260299
000000319038
000000293671
000000263120
000000226262
000000051124
000000296960
000000392229
000000318990
000000370749
000000282565
000000073440
000000258396
000000165921
000000352945
000000546114
000000142130
000000093864
000000437789
000000271120
000000304347
000000479447
000000407717
000000267735
000000418333
000000090290
000000385276
000000564653
000000482667
000000160701
000000571357
000000435902
000000245902
000000419473
000000085481
000000023363
000000065247
000000522008
000000157748
000000351621
000000557067
000000193251
000000445812
000000293607
000000314561
000000421656
000000209933
000000573869
000000490232
000000001224
000000100698
000000333824
000000027840
000000358550
000000376718
000000491844
000000289309
000000380678
000000486630
000000458311
000000474550
000000076923
000000206405
000000076477
000000015963
000000170658
000000506169
000000370116
000000315053
000000547072
000000564733
000000000438
000000331876
000000529434
000000193044
000000447977
000000108649
000000149890
000000071907
000000499588
000000163615
000000194538
000000245792
000000513704
000000405645
000000066508
000000057124
000000346702
000000274360
000000050725
000000433413
000000534564
000000360762
000000484753
000000374253
000000226874
000000436632
000000221003
000000105601
000000196518
000000266115
000000517282
000000181571
000000093565
000000031524
000000360529
000000520154
000000174889
000000388228
000000112359
000000460043
000000534918
000000083060
000000098145
000000378867
000000092534
000000380906
000000114419
000000184908
000000530933
000000235200
000000084493
000000375962
000000162677
000000471691
000000338592
000000135438
000000021166
000000529671
000000285612
000000397287
000000118734
000000407112
000000355760
000000128568
000000228004
000000015850
000000038652
000000338528
000000341778
000000331105
000000161506
000000157107
000000456732
000000458339
000000192620
000000463338
000000371348
000000488997
000000376858
000000357700
000000473134
000000177355
000000312465
000000355088
000000165202
000000298461
000000192269
000000337401
000000512254
000000188100
000000572316
000000429679
000000317325
000000187537
000000479647
000000460986
000000243251
000000298564
000000407050
000000426538
000000328452
000000001205
000000406857
000000569829
000000100087
000000253424
000000148588
000000374201
000000423114
000000042267
000000485938
000000483357
000000479195
000000152253
000000098720
000000136078
000000413731
000000050230
000000170321
000000267708
000000405856
000000551636
000000574747
000000080219
000000206530
000000545006
000000348669
000000150827
000000570045
000000163639
000000209803
000000151247
000000264936
000000118212
000000232746
000000023729
000000324916
000000377745
000000216413
000000280732
000000212089
000000076866
000000366461
000000125070
000000378059
000000265329
000000200548
000000335243
000000374087
000000335513
000000041119
000000540843
000000409455
000000552776
000000300979
000000257517
000000246761
000000231320
000000422029
000000203937
000000327159
000000286594
000000484881
000000493849
000000235168
000000201686
000000230226
000000295668
000000448286
000000019901
000000162275
000000396784
000000500219
000000218625
000000171082
000000532631
000000208946
000000401785
000000390087
000000476585
000000329182
000000474970
000000204435
000000515006
000000429061
000000499339
000000210086
000000385444
000000266176
000000069514
000000047515
000000497099
000000336001
000000077455
000000431948
000000033372
000000078221
000000040926
000000576295
000000325558
000000571441
000000135894
000000038238
000000324278
000000231905
000000477434
000000315909
000000083773
000000089072
000000399532
000000488030
000000185200
000000180447
000000318471
000000336937
000000023093
000000323475
000000381595
000000539089
000000473929
000000002544
000000484287
000000468538
000000024845
000000034582
000000353284
000000272111
000000490810
000000276015
000000449976
000000416766
000000288836
000000340126
000000556801
000000241919
000000020701
000000111103
000000077346
000000025121
000000275210
000000206192
000000043099
000000381560
000000123694
000000275988
000000134343
000000414819
000000446383
000000126909
000000207675
000000546292
000000552352
000000230014
000000539562
000000493121
000000110298
000000255076
000000144200
000000000597
000000371186
000000542549
000000195459
000000280799
000000398454
000000043947
000000083923
000000103390
000000337167
000000074343
000000491029
000000562559
000000233553
000000553678
000000541255
000000269799
000000053733
000000521256
000000255827
000000158514
000000524834
000000542715
000000095939
000000082464
000000199319
000000237667
000000220782
000000193148
000000251315
000000012382
000000091784
000000154745
000000342139
000000171467
000000493254
000000538243
000000300534
000000576549
000000404753
000000145956
000000562389
000000143927
000000358081
000000007205
000000064622
000000184101
000000117191
000000232852
000000196878
000000240267
000000105750
000000455075
000000084602
000000085904
000000430688
000000417528
000000034761
000000043979
000000178017
000000482625
000000002591
000000509819
000000002849
000000458461
000000381282
000000150996
000000445537
000000166463
000000045535
000000145083
000000461007
000000476664
000000514902
000000165373
000000354316
000000019333
000000344942
000000425825
000000170774
000000392585
000000230403
000000228392
000000576464
000000225617
000000471697
000000431168
000000157866
000000410437
000000569599
000000435686
000000243127
000000529408
000000382017
000000140758
000000385921
000000093522
000000497335
000000158848
000000146999
000000042578
000000154885
000000550403
000000561687
000000214664
000000235652
000000439651
000000150212
000000501498
000000367329
000000052357
000000164141
000000193498
000000324774
000000135226
000000136983
000000016009
000000008848
000000255578
000000074555
000000105246
000000007202
000000312896
000000554382
000000542327
000000017429
000000169309
000000012756
000000155743
000000350008
000000012377
000000115033
000000094550
000000030803
000000487489
000000140588
000000076896
000000087761
000000172085
000000189812
000000203732
000000058075
000000469844
000000498975
000000015811
000000548218
000000462811
000000487399
000000466992
000000422268
000000047388
000000215162
000000199224
000000419738
000000438922
000000017966
000000557306
000000048474
000000578193
000000358425
000000334174
000000026069
000000474653
000000358342
000000200727
000000166323
000000497484
000000396494
000000274999
000000454524
000000078663
000000200008
000000296348
000000489899
000000456369
000000301595
000000489218
000000256930
000000294131
000000388008
000000189660
000000101689
000000134490
000000167955
000000295135
000000497275
000000269168
000000481876
000000221533
000000077516
000000249656
000000244461
000000433733
000000185962
000000512086
000000563138
000000446218
000000083568
000000022724
000000429585
000000104410
000000129879
000000236767
000000170730
000000298190
000000552656
000000460568
000000458153
000000510591
000000072187
000000032289
000000526319
000000147369
000000022158
000000064150
000000255067
000000068838
000000276332
000000074032
000000267715
000000200324
000000386584
000000395268
000000015318
000000041848
000000518530
000000210988
000000536474
000000237041
000000172492
000000112444
000000522280
000000064186
000000029680
000000496210
000000475796
000000345897
000000396337
000000079274
000000466800
000000139634
000000122947
000000329895
000000057586
000000551796
000000525932
000000067779
000000254818
000000219339
000000501612
000000177323
000000198977
000000175091
000000426179
000000126494
000000551607
000000523883
000000316937
000000142757
000000291056
000000181975
000000028069
000000494049
000000292209
000000489187
000000266853
000000196985
000000248232
000000362677
000000118485
000000546171
000000030588
000000014319
000000393705
000000448555
000000573196
000000273772
000000566325
000000024238
000000362521
000000020164
000000507668
000000311304
000000051176
000000274233
000000205270
000000166993
000000084442
000000305215
000000159013
000000514269
000000126296
000000149179
000000499997
000000005328
000000013568
000000567084
000000271148
000000079559
000000298353
000000410932
000000231542
000000425112
000000157270
000000511724
000000346013
000000106023
000000379238
000000256734
000000039181
000000364064
000000460931
000000068715
000000232987
000000328808
000000543239
000000472461
000000518415
000000332385
000000301765
000000100407
000000027089
000000259728
000000421382
000000371927
000000451798
000000045282
000000406368
000000247871
000000195306
000000053573
000000365927
000000469632
000000439859
000000132297
000000004481
000000397203
000000415871
000000453133
000000150919
000000252217
000000472671
000000013948
000000104718
000000242092
000000055788
000000096481
000000319865
000000468064
000000517699
000000313155
000000100486
000000466511
000000482499
000000143095
000000043873
000000457924
000000540619
000000232718
000000228156
000000358039
000000465050
000000467204
000000358901
000000100413
000000535501
000000202279
000000188447
000000029122
000000217958
000000291285
000000335826
000000468845
000000543178
000000300644
000000286342
000000272051
000000101702
000000286524
000000326080
000000332732
000000404738
000000069773
000000229647
000000283984
000000414401
000000579366
000000534001
000000205781
000000274653
000000420079
000000007145
000000490046
000000539390
000000422310
000000324832
000000529511
000000211175
000000219361
000000050018
000000211823
000000434804
000000236349
000000411814
000000146128
000000552004
000000556461
000000061502
000000365980
000000098773
000000446618
000000296410
000000440269
000000545235
000000426323
000000142113
000000481465
000000403231
000000496324
000000192885
000000281365
000000420754
000000079421
000000168454
000000199011
000000429323
000000258819
000000433452
000000284170
000000522477
000000429762
000000502665
000000149349
000000416976
000000293011
000000424668
000000491482
000000080582
000000508466
000000052005
000000272837
000000462148
000000137096
000000421986
000000472941
000000356010
000000246263
000000021671
000000145623
000000225198
000000346605
000000110601
000000456372
000000311228
000000058838
000000536318
000000392458
000000423010
000000396625
000000446531
000000366651
000000442952
000000491579
000000339100
000000473903
000000169959
000000406328
000000065490
000000055066
000000072216
000000158569
000000207264
000000403692
000000080357
000000066660
000000260445
000000529570
000000452353
000000040102
000000143557
000000299771
000000494039
000000366733
000000092771
000000397486
000000216820
000000570409
000000403579
000000432258
000000414546
000000404338
000000032667
000000250498
000000181662
000000326201
000000577223
000000219249
000000336320
000000403265
000000261520
000000305368
000000435894
000000404783
000000546079
000000394244
000000010407
000000456275
000000487276
000000364842
000000522702
000000103306
000000307936
000000047255
000000370562
000000033131
000000510225
000000239520
000000359959
000000426912
000000482631
000000496309
000000569801
000000302528
000000078947
000000362482
000000166822
000000331314
000000001059
000000012883
000000106034
000000083477
000000062427
000000170313
000000190981
000000344075
000000011297
000000271654
000000305464
000000571787
000000530906
000000268693
000000257323
000000217919
000000035760
000000346290
000000034830
000000299382
000000440299
000000281273
000000050736
000000472101
000000413290
000000440991
000000478643
000000578702
000000165426
000000292081
000000216817
000000561814
000000403851
000000386906
000000147246
000000265361
000000042161
000000505269
000000453087
000000486869
000000289067
000000069512
000000325741
000000162643
000000171120
000000199484
000000534300
000000256196
000000189387
000000273436
000000004229
000000510207
000000191320
000000543236
000000138303
000000015927
000000384993
000000089603
000000428495
000000256575
000000434915
000000559992
000000391347
000000241058
000000021046
000000466714
000000564657
000000089714
000000004308
000000245043
000000527492
000000000078
000000156556
000000334216
000000064865
000000137925
000000103554
000000191149
000000105172
000000417885
000000216206
000000114505
000000283744
000000020765
000000253049
000000439537
000000241984
000000544009
000000320947
000000538001
000000294992
000000079493
000000286361
000000478215
000000223004
000000486309
000000132104
000000443952
000000475245
000000488764
000000329582
000000413297
000000574509
000000074139
000000024990
000000263714
000000103027
000000430135
000000300895
000000327770
000000458042
000000208380
000000095747
000000497257
000000120157
000000250434
000000501858
000000023400
000000311890
000000068300
000000523445
000000118615
000000542922
000000476465
000000158993
000000399615
000000033567
000000552016
000000170295
000000524838
000000506209
000000439995
000000185993
000000527571
000000333504
000000118478
000000500825
000000538133
000000330586
000000166532
000000414850
000000191403
000000532310
000000336357
000000298651
000000102594
000000182483
000000062170
000000323634
000000436383
000000309499
000000213156
000000567495
000000514544
000000049591
000000558707
000000340103
000000190656
000000109653
000000496261
000000066902
000000291932
000000409500
000000469724
000000538090
000000239306
000000246530
000000282437
000000265472
000000250577
000000229142
000000339876
000000189520
000000523795
000000287822
000000500130
000000401173
000000397892
000000535327
000000207065
000000577301
000000431194
000000342998
000000193712
000000329141
000000553162
000000206231
000000361145
000000229191
000000136040
000000400027
000000089870
000000414686
000000061575
000000418175
000000477741
000000052648
000000458177
000000459401
000000190475
000000572935
000000558435
000000203382
000000541973
000000088116
000000261948
000000440484
000000217448
000000468055
000000184202
000000475810
000000003640
000000362764
000000580693
000000303178
000000061919
000000473767
000000136587
000000270017
000000043392
000000204721
000000406080
000000342933
000000449529
000000311025
000000021801
000000360700
000000450426
000000104172
000000001590
000000377132
000000295250
000000158779
000000362189
000000257983
000000072733
000000173883
000000174904
000000332574
000000134375
000000453526
000000070271
000000132861
000000549517
000000381984
000000515527
000000161356
000000393176
000000434735
000000301093
000000202010
000000420446
000000513241
000000378709
000000283131
000000484973
000000253852
000000379161
000000476300
000000019899
000000076454
000000491558
000000493720
000000332736
000000110084
000000313799
000000492894
000000243091
000000459190
000000531814
000000244111
000000493161
000000313724
000000179203
000000007559
000000281763
000000029914
000000215231
000000242278
000000489528
000000541964
000000294934
000000090225
000000493384
000000286482
000000552336
000000414700
000000325647
000000197576
000000276554
000000089849
000000270381
000000288267
000000201168
000000163012
000000105152
000000296367
000000044204
000000359465
000000538058
000000206548
000000434097
000000216176
000000574130
000000564861
000000432859
000000343670
000000518287
000000340208
000000027903
000000127623
000000409027
000000505865
000000348006
000000302852
000000096492
000000329245
000000014025
000000003764
000000250607
000000559695
000000264079
000000391305
000000039395
000000411658
000000556835
000000458189
000000084591
000000150502
000000344196
000000472821
000000202373
000000082091
000000228673
000000557187
000000405886
000000075948
000000146997
000000123901
000000330681
000000549117
000000455882
000000248017
000000179811
000000542154
000000325471
000000268340
000000166273
000000311480
000000480841
000000538413
000000318850
000000536366
000000172923
000000057945
000000453009
000000345134
000000436837
000000544746
000000519250
000000137227
000000094355
000000534183
000000364860
000000208200
000000555771
000000382741
000000407737
000000558849
000000201299
000000240798
000000512920
000000087792
000000391426
000000435896
000000113054
000000178796
000000571091
000000355767
000000186737
000000073685
000000206597
000000531910
000000201757
000000544188
000000079111
000000383726
000000391371
000000177404
000000463309
000000259677
000000478072
000000253831
000000259906
000000246197
000000083256
000000499728
000000444173
000000342808
000000112867
000000452412
000000211255
000000120478
000000479390
000000423048
000000254290
000000529353
000000321603
000000392534
000000510538
000000323804
000000445372
000000456799
000000192974
000000035074
000000571196
000000052155
000000008691
000000337890
000000517029
000000447038
000000093444
000000188612
000000161473
000000137937
000000479198
000000504338
000000372861
000000464534
000000565476
000000017676
000000014377
000000442612
000000264461
000000230972
000000194425
000000041366
000000174103
000000265008
000000413543
000000421155
000000136464
000000382438
000000240080
000000122238
000000309679
000000060434
000000460148
000000449038
000000105537
000000579693
000000262704
000000334208
000000217494
000000500069
000000348675
000000083557
000000226011
000000526697
000000578482
000000456009
000000244218
000000110681
000000105116
000000258331
000000257711
000000302458
000000151790
000000326011
000000401616
000000546494
000000515390
000000068411
000000282586
000000395791
000000021217
000000506971
000000300102
000000551052
000000279334
000000307359
000000503059
000000221949
000000004931
000000534659
000000270721
000000470672
000000473208
000000536294
000000318523
000000378066
000000034523
000000433202
000000265161
000000170968
000000337403
000000160103
000000324443
000000571885
000000402619
000000402887
000000505583
000000269946
000000342294
000000020147
000000218503
000000549629
000000250225
000000099247
000000063958
000000270239
000000263211
000000205435
000000279182
000000122874
000000203061
000000035303
000000418596
000000029671
000000364249
000000188026
000000172886
000000320667
000000144161
000000251229
000000279909
000000340612
000000505655
000000135016
000000283790
000000130795
000000501314
000000075522
000000339862
000000291773
000000555366
000000329014
000000546300
000000339740
000000502730
000000425670
000000106671
000000196650
000000401440
000000113945
000000175390
000000209746
000000270938
000000539359
000000073981
000000437810
000000163568
000000312679
000000498960
000000382118
000000254400
000000431234
000000509565
000000048840
000000148858
000000565756
000000226629
000000022087
000000276945
000000389721
000000233840
000000063115
000000265612
000000127353
000000071646
000000403278
000000559576
000000226247
000000507195
000000059476
000000026522
000000354003
000000065426
000000514557
000000444082
000000234769
000000401157
000000045404
000000041802
000000477922
000000028508
000000015096
000000027844
000000250564
000000219217
000000208690
000000092064
000000020268
000000127899
000000395998
000000219963
000000154680
000000487516
000000461619
000000302035
000000257211
000000047648
000000308191
000000136002
000000274156
000000023541
000000401718
000000349153
000000313399
000000498239
000000425304
000000322692
000000399011
000000451854
000000409414
000000571518
000000230545
000000167549
000000299573
000000543093
000000572015
000000560818
000000117046
000000244784
000000131015
000000407019
000000507122
000000573655
000000437575
000000261389
000000303140
000000271897
000000281774
000000532037
000000118625
000000420237
000000281210
000000188192
000000310450
000000103358
000000518719
000000352802
000000282365
000000446354
000000246804
000000129821
000000530535
000000181104
000000521610
000000065793
000000394974
000000115475
000000495348
000000499730
000000142340
000000086842
000000354624
000000521729
000000506799
000000084679
000000243189
000000295769
000000289004
000000319452
000000261273
000000320008
000000128222
000000521370
000000516957
000000212247
000000114230
000000487461
000000533013
000000233843
000000093419
000000175775
000000136681
000000307264
000000355492
000000573406
000000292177
000000565160
000000565929
000000293520
000000245750
000000527643
000000235221
000000438751
000000155617
000000244160
000000308674
000000352884
000000564142
000000466042
000000024894
000000263333
000000288453
000000276645
000000084283
000000093114
000000448861
000000178096
000000247547
000000388911
000000183080
000000555627
000000096535
000000177247
000000468623
000000210480
000000262845
000000284794
000000028293
000000157891
000000031024
000000446614
000000361520
000000194248
000000184965
000000393421
000000435930
000000524935
000000243187
000000233638
000000327896
000000406217
000000216098
000000551542
000000532548
000000404616
000000099040
000000193481
000000020018
000000399547
000000227270
000000552927
000000251170
000000551873
000000347811
000000384883
000000434813
000000084314
000000434665
000000045360
000000191731
000000156042
000000183292
000000560047
000000311997
000000204381
000000017089
000000480961
000000277693
000000480798
000000547284
000000486632
000000344408
000000322887
000000170654
000000222053
000000150948
000000424392
000000539371
000000120473
000000549766
000000267350
000000424528
000000031568
000000217811
000000463724
000000056036
000000331113
000000474246
000000105469
000000466771
000000328902
000000443646
000000212405
000000010964
000000458208
000000350253
000000496335
000000000584
000000042383
000000372471
000000578221
000000375128
000000416467
000000318657
000000088080
000000465138
000000397138
000000151387
000000225191
000000001340
000000460156
000000144320
000000502148
000000421763
000000230094
000000471578
000000378068
000000160510
000000152255
000000384362
000000514034
000000413709
000000194167
000000390757
000000187560
000000260685
000000540100
000000272097
000000521682
000000299438
000000435360
000000401822
000000124983
000000377406
000000010039
000000114333
000000322175
000000185494
000000317130
000000461350
000000380427
000000200938
000000000491
000000402378
000000257706
000000421223
000000370310
000000037339
000000409166
000000350799
000000381350
000000551185
000000146583
000000285740
000000471139
000000476082
000000240279
000000105975
000000434981
000000167092
000000221894
000000407334
000000177166
000000524168
000000402559
000000044291
000000292419
000000390975
000000019060
000000359110
000000254479
000000262662
000000361054
000000317424
000000180549
000000024530
000000531415
000000403913
000000142487
000000305422
000000561448
000000183603
000000336257
000000241341
000000462052
000000074150
000000245852
000000374805
000000078536
000000190391
000000149835
000000386786
000000497259
000000517600
000000324528
000000562441
000000465467
000000313990
000000507946
000000394157
000000163601
000000532773
000000331824
000000126210
000000289337
000000349621
000000565365
000000052746
000000305762
000000086818
000000448876
000000316396
000000257786
000000471582
000000469445
000000524062
000000151393
000000496102
000000260400
000000256662
000000506137
000000503178
000000160025
000000540820
000000188252
000000035722
000000371183
000000388126
000000159561
000000163798
000000331282
000000289889
000000087677
000000023283
000000091576
000000024577
000000157204
000000208371
000000079355
000000293980
000000330391
000000277550
000000577796
000000166124
000000404063
000000529095
000000042868
000000532612
000000288874
000000181759
000000490598
000000058231
000000382211
000000194352
000000352295
000000376572
000000091341
000000166903
000000562712
000000024045
000000148196
000000228560
000000443315
000000168190
000000029085
000000214719
000000491448
000000037389
000000024924
000000016575
000000363630
000000008958
000000489920
000000354530
000000015274
000000502326
000000337030
000000488924
000000080408
000000362257
000000038772
000000133426
000000205625
000000453132
000000226583
000000175017
000000038257
000000267812
000000492719
000000180402
000000057454
000000193449
000000375317
000000517315
000000302531
000000309829
000000015073
000000538861
000000413312
000000214137
000000541816
000000522441
000000207913
000000369703
000000036726
000000358239
000000568082
000000337502
000000193168
000000084038
000000110308
000000000092
000000101418
000000306868
000000539056
000000385114
000000240463
000000357265
000000254267
000000098248
000000460813
000000432732
000000019388
000000563024
000000337760
000000029180
000000050592
000000536429
000000064634
000000530081
000000136097
000000301657
000000473254
000000531044
000000374651
000000538155
000000494453
000000328783
000000395432
000000006773
000000280368
000000140577
000000578019
000000313398
000000231029
000000112440
000000471822
000000372560
000000285002
000000016414
000000421768
000000045574
000000268342
000000145009
000000405314
000000362881
000000364487
000000069698
000000227699
000000327771
000000512729
000000530782
000000251128
000000037854
000000062017
000000550736
000000005314
000000563404
000000380635
000000121318
000000407861
000000468884
000000103428
000000312246
000000041939
000000149338
000000189634
000000304642
000000216841
000000486870
000000016410
000000208974
000000517211
000000017870
000000356948
000000566314
000000206318
000000379285
000000001997
000000389477
000000208984
000000106896
000000088870
000000310315
000000124383
000000040902
000000142127
000000139270
000000194671
000000530163
000000100202
000000239315
000000397109
000000442686
000000388066
000000026538
000000221459
000000054936
000000350975
000000362071
000000369397
000000207549
000000367881
000000557402
000000194530
000000502540
000000324406
000000242020
000000131351
000000518659
000000384476
000000002570
000000168250
000000101473
000000216369
000000054718
000000473942
000000103430
000000299216
000000269678
000000087229
000000429560
000000057903
000000015870
000000445960
000000394476
000000310342
000000466450
000000079710
000000163104
000000534035
000000333181
000000059151
000000305441
000000155402
000000491932
000000090075
000000411455
000000253732
000000022456
000000544347
000000475465
000000123268
000000233075
000000160308
000000567444
000000176680
000000318139
000000135976
000000519883
000000205693
000000241496
000000371836
000000242520
000000466742
000000400860
000000070310
000000036068
000000421661
000000055458
000000234238
000000575612
000000380951
000000366382
000000554756
000000574384
000000009778
000000524690
000000137578
000000298224
000000564050
000000286442
000000233808
000000320533
000000118956
000000236389
000000506146
000000276634
000000009176
000000321306
000000277587
000000338215
000000437318
000000539067
000000322630
000000397044
000000185632
000000468170
000000206216
000000402243
000000084192
000000318124
000000426022
000000404273
000000279025
000000069874
000000566336
000000560794
000000334310
000000209590
000000059042
000000224908
000000177014
000000018292
000000319401
000000506220
000000521674
000000281074
000000382939
000000393601
000000363786
000000114164
000000032603
000000250802
000000379654
000000400936
000000245996
000000096213
000000359375
000000163130
000000546065
000000302185
000000281564
000000299463
000000009180
000000182849
000000200945
000000231392
000000047632
000000388569
000000301077
000000539820
000000361481
000000234713
000000033144
000000509247
000000381947
000000159121
000000230892
000000479481
000000079011
000000174901
000000038891
000000505493
000000502441
000000288589
000000448702
000000018886
000000046162
000000373578
000000354662
000000047599
000000160220
000000084607
000000451953
000000549328
000000185756
000000404618
000000488191
000000356052
000000148884
000000360948
000000278457
000000254022
000000289943
000000195897
000000298913
000000217407
000000031971
000000458599
000000403556
000000214008
000000100037
000000534168
000000144173
000000023320
000000299704
000000445605
000000248678
000000417471
000000383748
000000193787
000000501874
000000103042
000000036244
000000000661
000000470762
000000093571
000000016704
000000513064
000000050392
000000459189
000000163743
000000306222
000000064356
000000128989
000000570110
000000251629
000000332781
000000452198
000000469810
000000508710
000000127491
000000020281
000000489276
000000343993
000000010108
000000470613
000000124516
000000280532
000000074964
000000557263
000000228525
000000391989
000000378117
000000038290
000000106194
000000033909
000000154878
000000149251
000000064893
000000353412
000000122597
000000174417
000000056684
000000181572
000000132993
000000272613
000000358312
000000532520
000000429568
000000417234
000000257137
000000498969
000000262030
000000190839
000000542695
000000066632
000000574232
000000383157
000000358685
000000555668
000000224907
000000225246
000000007566
000000409022
000000539158
000000306454
000000058405
000000015468
000000164121
000000325145
000000511849
000000179611
000000388581
000000469471
000000494812
000000127418
000000096809
000000045653
000000138153
000000130184
000000305084
000000012895
000000003224
000000158831
000000281924
000000329903
000000145700
000000396193
000000143070
000000385962
000000183884
000000183611
000000366003
000000566155
000000038134
000000006091
000000580766
000000258460
000000514601
000000476321
000000386200
000000526796
000000361321
000000124815
000000136217
000000108314
000000122724
000000481515
000000055169
000000403730
000000426687
000000093994
000000114894
000000524389
000000198546
000000233677
000000325152
000000226059
000000009381
000000120176
000000034193
000000344460
000000227453
000000082813
000000244368
000000180971
000000047316
000000166702
000000405836
000000330405
000000215812
000000329724
000000085163
000000449387
000000370388
000000388812
000000487559
000000538451
000000345391
000000299305
000000122415
000000056716
000000009822
000000417089
000000378001
000000576829
000000133885
000000435452
000000482957
000000553595
000000186322
000000567077
000000210686
000000451597
000000215803
000000305030
000000233892
000000034181
000000487734
000000343599
000000000025
000000068712
000000463787
000000418757
000000096157
000000538557
000000461073
000000552395
000000153128
000000405852
000000384698
000000410262
000000349489
000000084949
000000436400
000000553129
000000487245
000000507516
000000100140
000000048559
000000275663
000000351061
000000015552
000000490579
000000080339
000000239752
000000134242
000000034531
000000343229
000000222517
000000245874
000000038479
000000210139
000000528972
000000194726
000000035266
000000517443
000000187959
000000579165
000000348555
000000215795
000000428599
000000557283
000000420506
000000264020
000000377973
000000228749
000000074331
000000129921
000000576011
000000084244
000000317169
000000341724
000000428414
000000442659
000000391492
000000212533
000000033787
000000483330
000000068420
000000237587
000000012179
000000004760
000000104865
000000387748
000000441382
000000471109
000000120744
000000076409
000000043609
000000371953
000000244885
000000078923
000000021095
000000018425
000000443742
000000202913
000000527520
000000476910
000000453602
000000116370
000000011496
000000479234
000000120199
000000228907
000000191175
000000474398
000000474502
000000104320
000000238049
000000239350
000000150920
000000288983
000000305887
000000023641
000000358904
000000539751
000000388330
000000163362
000000520256
000000154363
000000222948
000000549261
000000028690
000000493956
000000458603
000000134066
000000437530
000000345903
000000523183
000000444100
000000521711
000000338911
000000140118
000000449681
000000198841
000000227451
000000393557
000000497626
000000508015
000000451647
000000133879
000000293751
000000407976
000000207916
000000323734
000000285352
000000253675
000000540642
000000193129
000000368505
000000530533
000000492037
000000511358
000000494115
000000481504
000000406015
000000034524
000000419449
000000428992
000000438479
000000301851
000000378077
000000152341
000000563764
000000111152
000000035012
000000080303
000000026435
000000116005
000000306926
000000486994
000000304867
000000405709
000000066988
000000405108
000000056190
000000551050
000000285450
000000432025
000000023448
000000099647
000000237510
000000077187
000000553248
000000261066
000000460417
000000048665
000000050760
000000416322
000000503949
000000148215
000000463459
000000018476
000000169757
000000506946
000000297075
000000521549
000000428778
000000415806
000000304654
000000285961
000000022564
000000277393
000000231844
000000511224
000000172463
000000436426
000000138904
000000455966
000000411881
000000180232
000000245978
000000044810
000000211408
000000276325
000000416246
000000394458
000000157205
000000332815
000000379891
000000447378
000000337247
000000431297
000000527618
000000499366
000000255950
000000449256
000000260307
000000480755
000000080745
000000470931
000000176462
000000475042
000000176193
000000474711
000000383508
000000312205
000000059528
000000360209
000000252918
000000279443
000000561620
000000427805
000000442473
000000188692
000000497439
000000501947
000000466895
000000449043
000000536235
000000518521
000000349104
000000195890
000000278923
000000302932
000000544086
000000575032
000000469294
000000476871
000000368291
000000199849
000000135775
000000030529
000000437948
000000137109
000000292512
000000251690
000000524954
000000507384
000000420066
000000041785
000000563683
000000037900
000000238700
000000032724
000000569597
000000048719
000000203577
000000143716
000000067246
000000346932
000000261876
000000325211
000000310664
000000296225
000000526695
000000098979
000000087876
000000351787
000000451151
000000025014
000000406616
000000092749
000000130654
000000072912
000000426040
000000101588
000000000908
000000382629
000000462639
000000272421
000000093288
000000070794
000000379836
000000244240
000000193599
000000281267
000000053317
000000348935
000000494438
000000441054
000000156499
000000098143
000000461967
000000159626
000000307030
000000402757
000000154359
000000286639
000000177877
000000009988
000000158880
000000027235
000000326684
000000542614
000000175923
000000412535
000000170803
000000079298
000000063671
000000140017
000000254750
000000101785
000000008603
000000272100
000000079971
000000285433
000000521225
000000022409
000000121328
000000134111
000000373511
000000136265
000000568633
000000465155
000000518357
000000466967
000000574304
000000143174
000000213694
000000088109
000000469173
000000392202
000000436578
000000003131
000000328551
000000276892
000000413090
000000053417
000000540464
000000444203
000000437588
000000311041
000000330388
000000062210
000000365945
000000219204
000000018918
000000066708
000000535050
000000035474
000000359189
000000356828
000000055460
000000167118
000000324008
000000154648
000000289410
000000280189
000000390154
000000322847
000000321089
000000223977
000000317286
000000114678
000000111988
000000287027
000000321854
000000334074
000000410002
000000491765
000000059108
000000546500
000000093603
000000544263
000000214574
000000540354
000000538513
000000287328
000000285200
000000464329
000000094025
000000075361
000000117179
000000407289
000000254033
000000380305
000000558009
000000340941
000000260503
000000092604
000000510681
000000312800
000000395124
000000217383
000000505082
000000211243
000000167044
000000226744
000000066652
000000425063
000000010733
000000101742
000000565722
000000434602
000000557546
000000087217
000000289987
000000058117
000000091778
000000213141
000000048181
000000498354
000000424293
000000068059
000000032039
000000101106
000000536317
000000580200
000000374162
000000550627
000000545101
000000231200
000000462671
000000132161
000000451428
000000335380
000000315647
000000368679
000000550660
000000027585
000000093666
000000282351
000000119529
000000432372
000000081363
000000449677
000000076971
000000320222
000000048707
000000257497
000000164788
000000061137
000000257941
000000530406
000000368884
000000480057
000000465294
000000185303
000000501047
000000079949
000000467394
000000094307
000000211837
000000432414
000000220344
000000285629
000000400216
000000517936
000000145266
000000123083
000000509482
000000503196
000000531765
000000516214
000000015599
000000329179
000000274331
000000252829
000000065888
000000044250
000000535860
000000561861
000000286858
000000167467
000000363570
000000553126
000000020145
000000012016
000000241528
000000484587
000000021698
000000109216
000000360503
000000418989
000000449901
000000297175
000000027466
000000506748
000000373284
000000468777
000000127214
000000402808
000000011554
000000219792
000000439326
000000364705
000000358343
000000523565
000000575523
000000569088
000000153780
000000569674
000000321305
000000037382
000000222871
000000576354
000000205424
000000393768
000000125859
000000575704
000000078827
000000205887
000000414884
000000330931
000000342299
000000391842
000000479376
000000059232
000000013336
000000311868
000000474243
000000081431
000000250440
000000193704
000000395169
000000399269
000000477887
000000203673
000000046029
000000157634
000000470975
000000035529
000000577623
000000522438
000000465697
000000098969
000000118806
000000433270
000000197759
000000355688
000000126674
000000081307
000000524286
000000121525
000000459325
000000159444
000000392015
000000524049
000000111801
000000369722
000000424326
000000403868
000000413678
000000039406
000000107734
000000194322
000000078621
000000073686
000000484217
000000503637
000000001099
000000480272
000000393781
000000043838
000000521216
000000025457
000000432647
000000427189
000000262691
000000463876
000000296620
000000249921
000000023444
000000218846
000000523580
000000085782
000000171235
000000019719
000000203652
000000212239
000000066209
000000535977
000000458229
000000242362
000000162773
000000291560
000000393212
000000578819
000000034777
000000284111
000000313334
000000354326
000000324580
000000119750
000000496894
000000356690
000000137284
000000265840
000000371179
000000009673
000000177619
000000102252
000000368373
000000404110
000000097777
000000218761
000000297415
000000454623
000000061230
000000199203
000000423058
000000375811
000000023038
000000252194
000000369973
000000281019
000000045912
000000043165
000000455632
000000498363
000000079611
000000218844
000000313861
000000545678
000000555107
000000198112
000000375992
000000521712
000000536412
000000537649
000000151268
000000393721
000000304223
000000470808
000000019635
000000077699
000000444206
000000571886
000000224971
000000547036
000000257923
000000549317
000000506321
000000404537
000000438448
000000298691
000000319616
000000005745
000000542529
000000506837
000000446422
000000337472
000000377301
000000133874
000000466596
000000330067
000000160926
000000054399
000000451598
000000387044
000000039993
000000532989
000000281221
000000528148
000000316026
000000005934
000000378327
000000553506
000000019227
000000478922
000000203107
000000049853
000000421875
000000257557
000000376747
000000573263
000000107604
000000326770
000000150301
000000022815
000000125782
000000230763
000000348616
000000258659
000000322125
000000028343
000000329535
000000057242
000000522315
000000009060
000000375376
000000508815
000000333245
000000464784
000000057859
000000353398
000000487421
000000335697
000000040686
000000205875
000000028494
000000304036
000000441232
000000359439
000000043579
000000130037
000000567937
000000248009
000000180623
000000292835
000000144321
000000403013
000000324645
000000041995
000000426309
000000120519
000000247348
000000566697
000000205126
000000520986
000000218447
000000417577
000000286100
000000222600
000000049877
000000195969
000000466774
000000197257
000000019239
000000532463
000000095814
000000241806
000000505485
000000065582
000000097767
000000464732
000000525625
000000213219
000000019238
000000267880
000000126638
000000176363
000000144475
000000059550
000000515057
000000250720
000000064626
000000171221
000000544495
000000230837
000000079901
000000371326
000000338321
000000444694
000000020470
000000011390
000000499738
000000571031
000000108020
000000560976
000000240211
000000038000
000000406359
000000120858
000000385666
000000358566
000000456145
000000184474
000000353175
000000217005
000000457121
000000421009
000000081116
000000528432
000000379055
000000241962
000000018011
000000304608
000000332866
000000026630
000000465441
000000163296
000000534271
000000073830
000000377397
000000107860
000000541587
000000412167
000000409206
000000146237
000000495235
000000365115
000000153607
000000389312
000000410375
000000115087
000000509185
000000311476
000000442078
000000556035
000000159332
000000185248
000000455557
000000146672
000000254986
000000221055
000000135305
000000240605
000000061740
000000395444
000000009069
000000195137
000000468670
000000016848
000000105719
000000415874
000000520674
000000276195
000000150089
000000084651
000000536884
000000243446
000000080535
000000495090
000000228758
000000235437
000000372038
000000175231
000000387372
000000149381
000000203406
000000068396
000000414555
000000575822
000000549478
000000371149
000000476848
000000085348
000000568531
000000543171
000000438255
000000472896
000000178637
000000133034
000000532852
000000310804
000000048727
000000572349
000000103513
000000447439
000000263520
000000539302
000000550597
000000499801
000000506792
000000574592
000000380510
000000089906
000000281385
000000203137
000000103812
000000187262
000000118598
000000238062
000000025521
000000022838
000000436287
000000551063
000000094021
000000572051
000000086677
000000188218
000000324189
000000073696
000000345535
000000507067
000000039814
000000492354
000000227891
000000443701
000000297138
000000517340
000000282238
000000303010
000000481532
000000302164
000000188616
000000336967
000000306718
000000267583
000000218763
000000526704
000000420183
000000516432
000000280865
000000145429
000000450004
000000061697
000000166622
000000300034
000000198037
000000008531
000000536996
000000417804
000000303647
000000005809
000000125643
000000506574
000000279672
000000130324
000000144283
000000067405
000000483645
000000392564
000000191381
000000498409
000000238198
000000082860
000000196064
000000462997
000000006177
000000412847
000000017216
000000120235
000000185512
000000388854
000000514118
000000309402
000000077477
000000391537
000000338289
000000382148
000000273445
000000267136
000000314277
000000341874
000000113009
000000099741
000000349588
000000036633
000000078828
000000034739
000000228893
000000318224
000000486159
000000271888
000000369144
000000267988
000000213241
000000035962
000000216218
000000052091
000000171349
000000357656
000000548930
000000047629
000000566835
000000345063
000000498196
000000426948
000000442133
000000181516
000000355270
000000565546
000000517690
000000404148
000000106243
000000215421
000000268755
000000220685
000000008473
000000140736
000000162589
000000520232
000000498371
000000297559
000000488796
000000358814
000000154725
000000326593
000000310560
000000185819
000000468960
000000340422
000000348562
000000034063
000000559721
000000242665
000000315387
000000014967
000000375096
000000033931
000000409588
000000520005
000000213911
000000074901
000000146917
000000387562
000000448319
000000271068
000000217118
000000283583
000000068434
000000107941
000000228994
000000096034
000000177575
000000240698
000000437426
000000271484
000000048460
000000083454
000000192111
000000222983
000000260330
000000455246
000000270326
000000366099
000000129988
000000484033
000000198997
000000223293
000000466575
000000474019
000000496920
000000183348
000000495975
000000419371
000000034793
000000299881
000000156832
000000417540
000000411778
000000523309
000000157965
000000394900
000000349425
000000434463
000000229594
000000518638
000000174239
000000433301
000000475304
000000368096
000000140921
000000308222
000000350334
000000052448
000000472656
000000282899
000000490665
000000430391
000000562849
000000237131
000000178524
000000253382
000000246184
000000344763
000000104952
000000316019
000000405226
000000093116
000000407365
000000528541
000000182243
000000106440
000000440656
000000144163
000000091264
000000069747
000000136153
000000023433
000000028093
000000023014
000000029816
000000233256
000000295823
000000551507
000000519046
000000099999
000000248187
000000415340
000000112805
000000165451
000000222494
000000079453
000000201125
000000529824
000000010395
000000357167
000000266562
000000409173
000000105247
000000108697
000000571683
000000243000
000000504748
000000527164
000000258362
000000306522
000000285325
000000127496
000000368268
000000155884
000000484651
000000359762
000000294080
000000055613
000000052761
000000388136
000000007517
000000223319
000000009288
000000324989
000000295756
000000111606
000000466153
000000099671
000000556481
000000353186
000000191675
000000438850
000000296809
000000251047
000000506012
000000547100
000000495612
000000159537
000000569101
000000421307
000000262900
000000007753
000000204458
000000530054
000000158233
000000206048
000000203879
000000416326
000000389948
000000188673
000000296151
000000033918
000000080017
000000041713
000000067065
000000344038
000000139914
000000520489
000000157209
000000495460
000000257660
000000340333
000000142733
000000496386
000000170832
000000009077
000000059515
000000252188
000000193631
000000100547
000000189542
000000334658
000000550281
000000519758
000000501648
000000277481
000000072753
000000522339
000000378278
000000436048
000000502140
000000548958
000000102320
000000180989
000000196701
000000336174
000000074554
000000239038
000000404222
000000369991
000000453563
000000022113
000000164286
000000161705
000000145573
000000300032
000000451706
000000272970
000000347590
000000560614
000000223330
000000451501
000000475768
000000438427
000000223289
000000032990
000000416559
000000552681
000000057919
000000570185
000000099907
000000354695
000000093403
000000468935
000000459214
000000150378
000000104758
000000084819
000000452263
000000095674
000000206398
000000401381
000000021346
000000171002
000000107607
000000428125
000000479531
000000199257
000000264017
000000446265
000000293371
000000376811
000000061782
000000471932
000000010077
000000275035
000000093570
000000410236
000000504454
000000388652
000000375054
000000264085
000000009185
000000522450
000000022880
000000016046
000000352312
000000369082
000000325073
000000562338
000000167152
000000319465
000000087865
000000097659
000000283743
000000186785
000000264730
000000461669
000000106383
000000247929
000000183657
000000053434
000000284686
000000501369
000000488232
000000378012
000000338370
000000317555
000000392837
000000087018
000000498091
000000393607
000000298151
000000068894
000000028742
000000448053
000000204044
000000150370
000000073014
000000578748
000000556033
000000096161
000000125438
000000576902
000000406531
000000159598
000000152774
000000436467
000000093866
000000526898
000000536579
000000174722
000000330974
000000566670
000000418181
000000463803
000000215908
000000227616
000000541435
000000168718
000000107751
000000063355
000000071618
000000353671
000000154307
000000299732
000000308605
000000504493
000000154654
000000026200
000000409614
000000073823
000000424800
000000107443
000000424018
000000482514
000000398236
000000506714
000000035694
000000266536
000000467604
000000220932
000000527243
000000125586
000000220981
000000521175
000000234699
000000040205
000000479129
000000198653
000000294451
000000069283
000000290704
000000243355
000000212602
000000263780
000000149602
000000381393
000000326712
000000528129
000000404271
000000478837
000000268586
000000543660
000000105737
000000330959
000000258834
000000187397
000000576709
000000338989
000000012204
000000394814
000000457460
000000173882
000000066890
000000478376
000000470463
000000027326
000000075185
000000064896
000000537803
000000573232
000000331505
000000372495
000000549873
000000410889
000000168179
000000069705
000000236197
000000416641
000000263204
000000338403
000000414539
000000365514
000000204640
000000118579
000000037629
000000314738
000000405213
000000333090
000000506224
000000067261
000000255928
000000243625
000000567706
000000065047
000000110034
000000396366
000000547858
000000418391
000000231812
000000412525
000000188832
000000338159
000000005615
000000238713
000000282328
000000466790
000000202264
000000124033
000000115361
000000361430
000000099568
000000079846
000000256037
000000525884
000000575376
000000460576
000000219514
000000453178
000000025060
000000155380
000000352564
000000513606
000000348697
000000325517
000000362690
000000436918
000000450066
000000309382
000000414022
000000465092
000000388872
000000124300
000000478250
000000094272
000000336250
000000146301
000000270303
000000342550
000000455345
000000374796
000000491154
000000315792
000000098257
000000201368
000000337969
000000419979
000000329350
000000281003
000000444531
000000056772
000000559021
000000326079
000000399262
000000168524
000000581437
000000391720
000000054652
000000357509
000000400612
000000074002
000000192763
000000113150
000000064425
000000508291
000000031885
000000575666
000000512912
000000041832
000000023199
000000292416
000000079555
000000436875
000000182436
000000518027
000000144554
000000070351
000000201308
000000565311
000000549232
000000193403
000000129474
000000050219
000000008234
000000460198
000000534855
000000109334
000000566973
000000310897
000000399921
000000313963
000000291702
000000127078
000000536820
000000574668
000000155741
000000065016
000000431692
000000302997
000000168994
000000025193
000000262262
000000178307
000000402712
000000132330
000000494980
000000272492
000000318405
000000416776
000000272857
000000537025
000000489442
000000531703
000000381173
000000305384
000000191806
000000143449
000000253712
000000024136
000000494413
000000103151
000000475656
000000508412
000000119695
000000558380
000000197163
000000382617
000000030600
000000507781
000000369736
000000240661
000000272441
000000344703
000000526364
000000461774
000000295270
000000321062
000000406530
000000473503
000000491063
000000242290
000000174263
000000325862
000000167740
000000426077
000000075786
000000073591
000000221828
000000360263
000000128775
000000054336
000000012673
000000375573
000000240436
000000423309
000000549882
000000193889
000000203796
000000244235
000000337422
000000423028
000000230336
000000403553
000000018785
000000406959
000000457133
000000308536
000000476772
000000357644
000000457703
000000148808
000000503482
000000274792
000000188733
000000124232
000000384111
000000132415
000000099295
000000477698
000000543028
000000204806
000000028698
000000292995
000000508147
000000436161
000000472157
000000117117
000000152108
000000268583
000000103355
000000125853
000000265982
000000189838
000000249884
000000442428
000000537918
000000460038
000000413497
000000132935
000000565257
000000302618
000000044604
000000569451
000000226224
000000087481
000000207738
000000171317
000000460405
000000360589
000000359097
000000418818
000000421201
000000000801
000000485550
000000302572
000000166596
000000102641
000000200736
000000297537
000000135845
000000319613
000000381858
000000006599
000000159073
000000325684
000000314557
000000214475
000000136779
000000443797
000000216613
000000550878
000000282790
000000176522
000000077926
000000133115
000000528084
000000176178
000000098444
000000521098
000000352118
000000277524
000000234728
000000579447
000000402603
000000553808
000000014504
000000203076
000000221446
000000251408
000000071727
000000154023
000000131533
000000323123
000000462610
000000081656
000000153288
000000427956
000000537671
000000131159
000000188727
000000394009
000000434412
000000571136
000000372717
000000142322
000000241410
000000307781
000000431199
000000316696
000000553326
000000105208
000000370224
000000327315
000000046891
000000271789
000000566193
000000175193
000000051652
000000541094
000000364274
000000015614
000000554207
000000539676
000000178900
000000482479
000000294669
000000490012
000000482081
000000182403
000000482328
000000322625
000000223093
000000227236
000000334194
000000008688
000000010907
000000375192
000000242972
000000536517
000000052231
000000181462
000000160429
000000295267
000000454892
000000465530
000000231326
000000163413
000000137190
000000564120
000000221234
000000302656
000000141263
000000432964
000000373974
000000195991
000000301778
000000417006
000000479598
000000058632
000000489209
000000458204
000000466591
000000356110
000000111004
000000517586
000000228712
000000347790
000000332489
000000436744
000000458586
000000140512
000000543916
000000334305
000000278064
000000206899
000000027717
000000211529
000000180925
000000001063
000000564762
000000242216
000000240802
000000253575
000000225738
000000201723
000000365008
000000004132
000000502364
000000455549
000000302325
000000467249
000000508200
000000193738
000000561357
000000131731
000000521473
000000263400
000000531143
000000000590
000000172229
000000434291
000000104015
000000330429
000000490010
000000024744
000000055085
000000382191
000000133195
000000242363
000000140813
000000348585
000000395627
000000523914
000000098101
000000578485
000000345155
000000476520
000000547106
000000403114
000000390915
000000048641
000000092109
000000474846
000000562496
000000328327
000000146563
000000020913
000000213895
000000189391
000000397414
000000459716
000000119428
000000447233
000000497788
000000075802
000000493843
000000170440
000000448529
000000034973
000000123643
000000382333
000000093720
000000186991
000000107162
000000249649
000000263618
000000130563
000000505546
000000207797
000000119358
000000537122
000000291117
000000293810
000000271864
000000330536
000000386400
000000273979
000000410344
000000311583
000000346265
000000518664
000000495053
000000389669
000000119706
000000208663
000000075558
000000206958
000000236572
000000313420
000000044741
000000001084
000000256973
000000174529
000000295857
000000496424
000000188343
000000564902
000000098808
000000187963
000000410033
000000121356
000000008830
000000347936
000000481427
000000319468
000000086071
000000324442
000000351948
000000129313
000000577821
000000188696
000000267224
000000507684
000000263845
000000532985
000000216998
000000257958
000000464519
000000231828
000000237085
000000151651
000000021254
000000406725
000000245540
000000117203
000000402570
000000147976
000000238193
000000428612
000000390287
000000068625
000000183359
000000281035
000000137794
000000452027
000000264797
000000035526
000000294937
000000222492
000000188175
000000076529
000000464839
000000342976
000000532147
000000079528
000000520532
000000522301
000000352538
000000029268
000000176118
000000272626
000000133152
000000030065
000000010735
000000094828
000000147873
000000210251
000000422041
000000448494
000000558741
000000232051
000000532531
000000305821
000000014366
000000519867
000000070107
000000132795
000000426872
000000274063
000000164242
000000334048
000000214133
000000370537
000000086725
000000108338
000000402775
000000216072
000000335669
000000032105
000000384643
000000035783
000000381922
000000222330
000000329457
000000499480
000000259297
000000313980
000000244847
000000378545
000000512289
000000221737
000000216517
000000299077
000000171470
000000004319
000000017761
000000306258
000000449316
000000483771
000000337522
000000092032
000000267146
000000550643
000000055806
000000033912
000000516237
000000136233
000000361928
000000101657
000000545238
000000079255
000000528940
000000558646
000000287378
000000215581
000000358297
000000359106
000000274463
000000393394
000000531406
000000540782
000000435242
000000379645
000000300930
000000320808
000000082775
000000267338
000000286233
000000342624
000000044332
000000212675
000000097610
000000136599
000000279920
000000157087
000000331712
000000457335
000000417814
000000365918
000000218716
000000470361
000000462553
000000205863
000000205572
000000045528
000000334566
000000505994
000000000312
000000096991
000000514241
000000444464
000000484689
000000057345
000000113654
000000566189
000000038488
000000374351
000000110540
000000544449
000000187214
000000515670
000000204288
000000274697
000000409774
000000482407
000000236294
000000176479
000000528071
000000082350
000000002770
000000214256
000000303148
000000157916
000000551341
000000214048
000000095482
000000184661
000000539551
000000070477
000000048358
000000504524
000000500559
000000566258
000000234000
000000401946
000000545126
000000509534
000000200351
000000260206
000000058008
000000460988
000000266503
000000298732
000000017651
000000033902
000000355263
000000462559
000000089552
000000135564
000000087398
000000181042
000000133791
000000234357
000000380872
000000100536
000000242103
000000301236
000000270388
000000472392
000000190466
000000128280
000000450305
000000548979
000000343863
000000498010
000000555871
000000475275
000000385667
000000200377
000000363217
000000134294
000000267343
000000300558
000000242867
000000007677
000000214036
000000125633
000000193046
000000070079
000000259198
000000411969
000000574947
000000445103
000000482753
000000321805
000000278414
000000580538
000000236173
000000075563
000000534686
000000434723
000000399618
000000418213
000000264554
000000306303
000000146901
000000454068
000000464937
000000542642
000000510351
000000535902
000000498649
000000485343
000000322307
000000299785
000000176034
000000425556
000000112320
000000447204
000000020906
000000087234
000000127559
000000466665
000000316677
000000284684
000000423391
000000484180
000000145896
000000018385
000000473124
000000347529
000000350134
000000362824
000000246973
000000451683
000000558287
000000411368
000000117542
000000072382
000000566439
000000523204
000000258119
000000009262
000000460830
000000058349
000000297018
000000134081
000000113861
000000213499
000000269934
000000098439
000000242828
000000036546
000000051278
000000005095
000000051795
000000058861
000000242757
000000532107
000000571497
000000315461
000000441013
000000285914
000000112395
000000345567
000000138079
000000194555
000000112928
000000374677
000000363228
000000101807
000000367131
000000044294
000000223035
000000242855
000000169313
000000209682
000000082898
000000171309
000000540564
000000071965
000000252178
000000453998
000000305412
000000408456
000000103058
000000490578
000000111472
000000500228
000000336873
000000282791
000000549409
000000401060
000000176500
000000507362
000000152353
000000015126
000000024938
000000494743
000000151282
000000263650
000000383721
000000365168
000000498165
000000555472
000000579402
000000284494
000000355276
000000580735
000000223470
000000038539
000000491801
000000044544
000000032703
000000442099
000000508582
000000113442
000000242089
000000503207
000000405440
000000117160
000000114335
000000466001
000000328121
000000228934
000000239613
000000307583
000000145155
000000537157
000000341209
000000299371
000000203359
000000329118
000000215701
000000051454
000000401623
000000422502
000000374218
000000197836
000000490938
000000199554
000000428375
000000293296
000000406001
000000554486
000000564920
000000551014
000000399672
000000440827
000000145488
000000188132
000000534117
000000345711
000000293061
000000086630
000000514369
000000353588
000000201394
000000397192
000000322141
000000199598
000000084018
000000049115
000000279263
000000323583
000000039312
000000136881
000000019852
000000225505
000000138486
000000163579
000000268855
000000415561
000000345839
000000127495
000000224083
000000024036
000000521678
000000313428
000000063512
000000028662
000000572100
000000514514
000000479261
000000306094
000000268393
000000345024
000000217584
000000141468
000000440520
000000189757
000000546739
000000386092
000000057147
000000439911
000000287360
000000327367
000000160214
000000523513
000000491305
000000227503
000000027793
000000164502
000000519870
000000321308
000000118108
000000494747
000000242403
000000394972
000000277072
000000404462
000000541421
000000147553
000000443443
000000557266
000000041183
000000118957
000000498152
000000141508
000000375926
000000125435
000000089322
000000088871
000000028576
000000117026
000000132531
000000174868
000000249356
000000514697
000000009195
000000251205
000000519365
000000357926
000000482093
000000379462
000000403394
000000102610
000000436407
000000280424
000000100435
000000302608
000000538671
000000313623
000000138032
000000236279
000000367400
000000491164
000000315905
000000190849
000000176849
000000368196
000000098008
000000503935
000000546631
000000460040
000000167758
000000158906
000000457656
000000086139
000000281562
000000324403
000000210899
000000427096
000000436584
000000202438
000000124331
000000431573
000000443949
000000475567
000000464263
000000074544
000000430325
000000404781
000000049667
000000435435
000000032846
000000485169
000000362657
000000335284
000000562208
000000043545
000000122159
000000197775
000000316170
000000001674
000000153016
000000477410
000000554900
000000388457
000000492506
000000495738
000000544127
000000203881
000000465926
000000074663
000000128250
000000230428
000000571415
000000323462
000000325470
000000526793
000000245662
000000490247
000000038092
000000115599
000000315278
000000059174
000000012750
000000526042
000000387517
000000278082
000000465347
000000502024
000000412722
000000087000
000000049845
000000127229
000000397388
000000253441
000000333170
000000511133
000000520337
000000347235
000000498100
000000036739
000000028649
000000070688
000000024129
000000231020
000000427603
000000433647
000000035951
000000332739
000000285477
000000448652
000000132001
000000490843
000000334080
000000202784
000000049567
000000437119
000000420225
000000030518
000000368811
000000420059
000000157673
000000326781
000000215939
000000285683
000000550993
000000477321
000000108674
000000305826
000000260232
000000553471
000000072026
000000423723
000000039371
000000214109
000000274521
000000289471
000000262009
000000471814
000000268071
000000049183
000000082363
000000123410
000000102149
000000501673
000000089541
000000276644
000000159456
000000151842
000000495291
000000520092
000000197053
000000168879
000000383641
000000278045
000000562401
000000362795
000000244124
000000382624
000000208830
000000027852
000000297058
000000175205
000000383348
000000444515
000000028273
000000166797
000000202414
000000432160
000000395703
000000411400
000000280429
000000377620
000000145259
000000404602
000000154140
000000155309
000000020563
000000433285
000000352807
000000505003
000000301467
000000448533
000000094884
000000419406
000000061174
000000303804
000000324936
000000560948
000000430665
000000192337
000000485422
000000524695
000000267762
000000574059
000000156039
000000294349
000000572260
000000212628
000000217068
000000227512
000000132303
000000342843
000000079992
000000079878
000000403907
000000270079
000000415493
000000116312
000000298914
000000067163
000000280515
000000313557
000000556622
000000141518
000000113236
000000470366
000000414723
000000184161
000000308555
000000315036
000000063251
000000493902
000000314497
000000115660
000000193560
000000507495
000000453649
000000040085
000000446945
000000047178
000000285342
000000388528
000000006647
000000430338
000000488059
000000124039
000000377649
000000054870
000000202777
000000408805
000000008093
000000235575
000000077816
000000346437
000000556491
000000554455
000000109586
000000427041
000000453664
000000023630
000000091227
000000439123
000000493978
000000236341
000000294615
000000070282
000000160437
000000267840
000000443652
000000207250
000000402867
000000243231
000000510449
000000231381
000000162892
000000581177
000000215521
000000091566
000000481889
000000560355
000000552503
000000206998
000000382898
000000549378
000000183786
000000506640
000000483059
000000061972
000000091837
000000087007
000000231087
000000485219
000000513342
000000083476
000000512948
000000570215
000000526292
000000394100
000000369509
000000101292
000000122194
000000572985
000000073064
000000325523
000000554310
000000516880
000000110683
000000390086
000000520610
000000513775
000000398666
000000457016
000000224622
000000066881
000000328862
000000104028
000000165795
000000323336
000000469392
000000480863
000000338949
000000118976
000000575817
000000556424
000000099970
000000363879
000000127648
000000015704
000000013547
000000122704
000000107620
000000492715
000000479693
000000024787
000000009712
000000237684
000000382656
000000268292
000000183163
000000327624
000000283530
000000000514
000000458592
000000097569
000000547367
000000125142
000000393046
000000369139
000000562937
000000156739
000000430249
000000219527
000000105671
000000326477
000000127161
000000414912
000000019167
000000529023
000000464321
000000518245
000000257972
000000165431
000000530377
000000032308
000000195390
000000378923
000000418933
000000335766
000000506411
000000340995
000000533897
000000303537
000000296286
000000365301
000000149660
000000574874
000000395185
000000170012
000000052044
000000507257
000000410797
000000152759
000000564580
000000196876
000000499989
000000012495
000000405752
000000358190
000000443223
000000300989
000000567893
000000214701
000000162848
000000140456
000000298827
000000184590
000000366174
000000555183
000000169660
000000092634
000000404596
000000450893
000000132497
000000451739
000000038701
000000008300
000000268986
000000398895
000000114624
000000499259
000000407039
000000198367
000000301749
000000012923
000000220651
000000295776
000000429990
000000326293
000000203676
000000019484
000000044478
000000141219
000000489613
000000133496
000000103296
000000407593
000000456315
000000171444
000000297984
000000371198
000000408571
000000425905
000000076100
000000540465
000000522817
000000429386
000000486026
000000481810
000000435923
000000468078
000000093264
000000254834
000000159754
000000551718
000000188079
000000523426
000000467645
000000535661
000000251577
000000163339
000000097981
000000079670
000000260829
000000284605
000000512157
000000081397
000000428812
000000091461
000000325154
000000563647
000000007721
000000186255
000000064779
000000214955
000000035907
000000079369
000000337546
000000088456
000000129485
000000043266
000000378401
000000431401
000000187934
000000426777
000000342335
000000335807
000000083574
000000316723
000000059118
000000135900
000000505418
000000486139
000000223112
000000122108
000000358209
000000076329
000000335860
000000224759
000000247603
000000567440
000000179620
000000421969
000000268688
000000219816
000000417594
000000112845
000000343999
000000307483
000000307857
000000233030
000000397075
000000045361
000000267844
000000404388
000000010566
000000561196
000000443963
000000562149
000000291687
000000086108
000000409155
000000026728
000000516598
000000107482
000000464903
000000449693
000000478553
000000578385
000000437714
000000046250
000000087767
000000243745
000000205964
000000296696
000000245274
000000510339
000000375226
000000140067
000000286212
000000018940
000000345040
000000018045
000000378029
000000338591
000000187610
000000510976
000000040068
000000132432
000000179519
000000118909
000000078000
000000037458
000000480407
000000525563
000000004497
000000027626
000000427129
000000113325
000000571721
000000222696
000000479417
000000485705
000000237797
000000038252
000000275644
000000476120
000000154420
000000152514
000000266451
000000062865
000000164343
000000389391
000000088967
000000418393
000000345238
000000001442
000000564361
000000542814
000000417716
000000424694
000000301012
000000564812
000000158555
000000480215
000000189295
000000180479
000000564707
000000488476
000000279264
000000558927
000000214565
000000142287
000000530202
000000498397
000000079696
000000068212
000000204930
000000293998
000000221089
000000147333
000000030722
000000082530
000000517851
000000529383
000000394008
000000229114
000000553867
000000367843
000000553420
000000417015
000000024547
000000317323
000000128121
000000231684
000000092514
000000361451
000000187037
000000304875
000000384957
000000575354
000000473153
000000578213
000000103017
000000449721
000000495894
000000542527
000000035763
000000137004
000000298473
000000463970
000000151020
000000240069
000000171328
000000202848
000000155167
000000469648
000000067935
000000341635
000000446935
000000195286
000000164461
000000089909
000000369516
000000559565
000000513573
000000458763
000000153589
000000070939
000000038079
000000092488
000000229990
000000163759
000000279387
000000442793
000000096185
000000321079
000000557137
000000057904
000000429074
000000138572
000000573062
000000184401
000000056244
000000148306
000000457263
000000431788
000000560138
000000105594
000000051174
000000209809
000000444311
000000391726
000000448537
000000246725
000000144062
000000367998
000000498563
000000257034
000000185448
000000330419
000000256552
000000574837
000000016836
000000108316
000000308210
000000097974
000000451952
000000581553
000000429865
000000156710
000000490535
000000502738
000000357771
000000531431
000000310867
000000137094
000000234794
000000133464
000000123836
000000288602
000000371245
000000258450
000000284153
000000275001
000000268728
000000028876
000000532439
000000358029
000000166338
000000272196
000000157249
000000566631
000000210766
000000516268
000000343634
000000303287
000000266370
000000414959
000000292662
000000211115
000000349447
000000143110
000000314965
000000140289
000000520316
000000009809
000000133377
000000027439
000000149151
000000399461
000000131826
000000334954
000000513771
000000476207
000000496959
000000207542
000000079080
000000014869
000000274613
000000570569
000000036745
000000246794
000000101127
000000230129
000000305458
000000269327
000000216083
000000183405
000000284348
000000552929
000000295059
000000491430
000000050965
000000023309
000000095360
000000153392
000000396811
000000342660
000000354041
000000157032
000000328098
000000268750
000000219411
000000286058
000000268826
000000478670
000000123099
000000424711
000000289007
000000431240
000000566832
000000460987
000000013769
000000394715
000000375205
000000461560
000000146249
000000375415
000000567234
000000516263
000000274835
000000087555
000000500765
000000187483
000000154867
000000343385
000000406068
000000528261
000000157045
000000344730
000000525587
000000139181
000000223242
000000431853
000000532267
000000390693
000000094502
000000088097
000000210453
000000278336
000000479608
000000368629
000000271568
000000433472
000000063873
000000097250
000000144897
000000274422
000000150788
000000021382
000000240273
000000400945
000000264697
000000291897
000000116789
000000520980
000000010256
000000369568
000000568276
000000511446
000000561027
000000380620
000000036207
000000147866
000000035190
000000135322
000000437391
000000408578
000000093014
000000164850
000000436865
000000036477
000000133100
000000386194
000000335982
000000489399
000000552066
000000326805
000000253435
000000443591
000000077178
000000427802
000000407349
000000272738
000000129310
000000198786
000000206793
000000503860
000000372433
000000434066
000000409394
000000016955
000000574392
000000367537
000000083950
000000295960
000000181057
000000561631
000000451373
000000145755
000000284365
000000267515
000000143862
000000144812
000000080842
000000080987
000000072485
000000248836
000000177109
000000543118
000000216785
000000189425
000000338980
000000043464
000000115331
000000513983
000000061720
000000001792
000000568562
000000259232
000000125458
000000378692
000000384401
000000444273
000000386111
000000005154
000000066859
000000527625
000000095121
000000046538
000000507809
000000341725
000000087593
000000079035
000000221985
000000117536
000000501909
000000477958
000000180333
000000094535
000000195406
000000051178
000000531316
000000156772
000000231488
000000260011
000000303281
000000172040
000000405747
000000281950
000000268659
000000340737
000000361751
000000077603
000000423256
000000276218
000000189932
000000419334
000000381576
000000552974
000000131128
000000130974
000000209239
000000094045
000000542035
000000282871
000000037717
000000289031
000000413070
000000333225
000000264420
000000492566
000000558269
000000391481
000000523315
000000351686
000000446045
000000167700
000000241204
000000132725
000000488539
000000365222
000000459590
000000524773
000000436172
000000132059
000000534593
000000367271
000000216042
000000131965
000000133517
000000129894
000000389004
000000002496
000000406050
000000313148
000000366536
000000242379
000000087783
000000117396
000000394759
000000049184
000000543855
000000310685
000000142047
000000315805
000000003518
000000225587
000000120819
000000437849
000000492705
000000393638
000000230838
000000026183
000000371484
000000301334
000000218494
000000260899
000000162767
000000440443
000000492911
000000043876
000000259337
000000044467
000000102322
000000475667
000000520220
000000490111
000000296511
000000317838
000000196977
000000342122
000000194419
000000350879
000000442727
000000256806
000000198590
000000333712
000000453907
000000467662
000000427886
000000296134
000000325410
000000403521
000000155351
000000437599
000000092315
000000197300
000000030142
000000318789
000000346391
000000290098
000000137704
000000465780
000000282879
000000451738
000000209604
000000328246
000000146586
000000538465
000000289821
000000249073
000000449073
000000157886
000000361831
000000331749
000000095877
000000092183
000000172970
000000328295
000000555920
000000113845
000000152192
000000348593
000000540760
000000301908
000000565296
000000241325
000000096268
000000128932
000000416739
000000388487
000000531322
000000241483
000000250196
000000274184
000000148403
000000189742
000000203129
000000044943
000000174667
000000330917
000000356733
000000364803
000000495122
000000362154
000000512463
000000089834
000000561495
000000061209
000000180917
000000002315
000000180624
000000348668
000000438851
000000159682
000000425582
000000490509
000000385969
000000261043
000000041938
000000215450
000000485946
000000222107
000000574901
000000160860
000000033359
000000144754
000000285664
000000065345
000000020825
000000481552
000000542095
000000071476
000000205304
000000425263
000000322095
000000294160
000000182401
000000117015
000000414870
000000552135
000000196793
000000455010
000000560020
000000098268
000000192577
000000074963
000000276066
000000022230
000000135161
000000083738
000000418804
000000255385
000000114479
000000277798
000000482432
000000135367
000000089320
000000056878
000000189547
000000395337
000000489771
000000581715
000000227523
000000223909
000000457233
000000486488
000000487409
000000239959
000000262519
000000192905
000000234516
000000453626
000000202829
000000019980
000000006809
000000285938
000000026762
000000326264
000000143245
000000004575
000000286794
000000511914
000000425371
000000026266
000000255480
000000373375
000000216116
000000490711
000000510613
000000427376
000000564123
000000349402
000000114861
000000548704
000000190015
000000349133
000000068867
000000543413
000000176622
000000241617
000000293720
000000179477
000000209048
000000030276
000000231093
000000437564
000000150347
000000159702
000000448114
000000252610
000000010166
000000461278
000000008401
000000535699
000000532833
000000577604
000000032271
000000555023
000000318386
000000555478
000000302547
000000223384
000000272068
000000025885
000000393762
000000408333
000000129030
000000284020
000000392753
000000128369
000000079762
000000441255
000000556591
000000458921
000000559865
000000479949
000000158197
000000410599
000000505965
000000380932
000000498665
000000526980
000000460353
000000363336
000000180495
000000372252
000000281683
000000340698
000000222157
000000338509
000000178958
000000118543
000000178748
000000480345
000000208815
000000341411
000000085339
000000237721
000000188725
000000321610
000000005785
000000007827
000000009725
000000328921
000000458682
000000560052
000000488303
000000074336
000000107167
000000065816
000000043367
000000578977
000000084165
000000242752
000000480489
000000499007
000000134955
000000151094
000000406071
000000054875
000000194262
000000378791
000000209144
000000073774
000000463432
000000043997
000000278660
000000356474
000000394666
000000085285
000000126345
000000062540
000000049883
000000401528
000000311206
000000150225
000000344442
000000186177
000000372480
000000348825
000000089614
000000325368
000000412613
000000239600
000000086336
000000305351
000000527759
000000220353
000000565273
000000197278
000000558342
000000203887
000000335098
000000486972
000000518189
000000393922
000000404046
000000129532
000000124116
000000221680
000000211113
000000297360
000000391615
000000471842
000000374486
000000517545
000000432395
000000406366
000000470697
000000503416
000000463583
000000167205
000000310213
000000505539
000000227779
000000025316
000000136088
000000447839
000000078542
000000543922
000000326849
000000172658
000000455613
000000260501
000000424039
000000176226
000000373641
000000450963
000000452695
000000434201
000000564508
000000563873
000000277375
000000077304
000000439095
000000084603
000000184184
000000110873
000000564611
000000166575
000000047589
000000183224
000000292921
000000289677
000000506943
000000189646
000000222015
000000009211
000000165053
000000361323
000000413602
000000528868
000000241289
000000170024
000000109427
000000011605
000000254366
000000457394
000000302945
000000116291
000000167748
000000113089
000000095915
000000395083
000000131894
000000304633
000000256921
000000433853
000000111165
000000281217
000000464809
000000134685
000000095375
000000117455
000000576025
000000442543
000000129186
000000027343
000000060340
000000398507
000000283516
000000177058
000000550310
000000169849
000000079127
000000338323
000000490337
000000518377
000000273369
000000370043
000000178510
000000263147
000000453093
000000006211
000000279187
000000567093
000000191332
000000494679
000000297667
000000316132
000000217519
000000081469
000000095551
000000354381
000000183898
000000131074
000000523959
000000337185
000000304355
000000115159
000000477143
000000153055
000000168999
000000331978
000000344292
000000324409
000000464649
000000527533
000000407118
000000576757
000000262623
000000257945
000000480948
000000405604
000000262619
000000014396
000000083599
000000576573
000000160560
000000450098
000000518487
000000134502
000000531499
000000284133
000000534672
000000556811
000000021964
000000048288
000000244616
000000141317
000000558966
000000080798
000000274682
000000393379
000000459749
000000336517
000000505708
000000292271
000000532128
000000174066
000000383163
000000076150
000000415680
000000277697
000000286537
000000377864
000000229052
000000565235
000000041908
000000208708
000000371598
000000358255
000000507533
000000430759
000000434043
000000541635
000000062824
000000256095
000000313116
000000566041
000000568040
000000535242
000000243262
000000391403
000000366290
000000032322
000000156606
000000193105
000000488775
000000036914
000000211560
000000075725
000000518908
000000478981
000000318736
000000347965
000000463305
000000578594
000000516843
000000155177
000000329765
000000289100
000000329286
000000234452
000000318299
000000522342
000000422803
000000034892
000000159887
000000352417
000000501634
000000038697
000000028750
000000023501
000000249372
000000149202
000000443752
000000144182
000000046426
000000028095
000000562474
000000234592
000000186399
000000241209
000000268770
000000373440
000000140295
000000189083
000000528731
000000082273
000000202622
000000420704
000000553931
000000174576
000000463619
000000287108
000000573448
000000294423
000000428304
000000516634
000000212814
000000214975
000000049133
000000140375
000000279747
000000562113
000000279047
000000238960
000000147196
000000065520
000000019391
000000388766
000000402271
000000536292
000000300994
000000353275
000000110611
000000114749
000000243066
000000422286
000000166437
000000452968
000000422916
000000299372
000000262159
000000287025
000000269206
000000188479
000000020475
000000376443
000000135256
000000430523
000000017856
000000232377
000000331349
000000363343
000000305427
000000163602
000000003080
000000433196
000000143995
000000042540
000000091705
000000038791
000000478071
000000004571
000000118342
000000130292
000000013517
000000431481
000000327323
000000179191
000000235119
000000277810
000000351057
000000326925
000000304556
000000560685
000000340476
000000452931
000000230137
000000024877
000000536462
000000275491
000000441527
000000195188
000000348598
000000337505
000000461871
000000386640
000000356154
000000106736
000000260668
000000101862
000000101357
000000145614
000000359132
000000352724
000000534019
000000300392
000000187368
000000284560
000000454271
000000026997
000000132313
000000209824
000000348517
000000433919
000000267217
000000192532
000000577748
000000020490
000000520109
000000274356
000000524263
000000525824
000000367188
000000340528
000000567899
000000323499
000000118299
000000408248
000000069733
000000349794
000000146774
000000148251
000000097200
000000549821
000000238850
000000112044
000000456736
000000304000
000000305665
000000027352
000000160110
000000411943
000000490688
000000203835
000000398813
000000169893
000000376457
000000379433
000000344402
000000218508
000000469152
000000580149
000000191464
000000445815
000000466079
000000041246
000000510611
000000564629
000000200263
000000377300
000000455311
000000276004
000000471884
000000482721
000000122172
000000220054
000000116207
000000015301
000000505784
000000499532
000000197850
000000489907
000000230091
000000289293
000000036480
000000221618
000000437543
000000052886
000000300943
000000165479
000000509986
000000030931
000000419396
000000407372
000000101522
000000171154
000000196484
000000414244
000000128831
000000068380
000000288729
000000239398
000000345499
000000124027
000000159356
000000349201
000000094148
000000402373
000000277433
000000294581
000000405400
000000051268
000000453428
000000511892
000000202918
000000106935
000000310706
000000215675
000000196192
000000442614
000000490322
000000038435
000000537145
000000432619
000000114549
000000435913
000000098325
000000338248
000000470592
000000005758
000000525459
000000413782
000000168609
000000103910
000000145553
000000172971
000000483564
000000037790
000000202436
000000187901
000000055627
000000303986
000000479400
000000434634
000000371217
000000035297
000000575483
000000404635
000000479263
000000209382
000000403028
000000503424
000000543182
000000056624
000000478614
000000165422
000000495073
000000320680
000000103856
000000050655
000000557324
000000473779
000000015690
000000315453
000000572040
000000200665
000000527597
000000001739
000000080445
000000335047
000000534191
000000192436
000000357255
000000088735
000000550729
000000318644
000000078384
000000518605
000000247536
000000390782
000000130538
000000373189
000000057091
000000392062
000000277543
000000352671
000000457434
000000110374
000000402257
000000549644
000000260285
000000329865
000000398661
000000285307
000000276731
000000020912
000000226211
000000004936
000000196112
000000175805
000000519874
000000331152
000000210726
000000103902
000000246688
000000298893
000000527891
000000290106
000000490857
000000159480
000000277788
000000427909
000000033939
000000280619
000000284860
000000400309
000000412194
000000082083
000000412431
000000575916
000000383450
000000310532
000000007239
000000053503
000000411068
000000112605
000000131884
000000500902
000000242615
000000277463
000000418938
000000495502
000000552938
000000083142
000000069936
000000043601
000000126065
000000432428
000000234217
000000346456
000000524211
000000252272
000000353559
000000101011
000000166356
000000120369
000000014759
000000325856
000000384036
000000160260
000000180800
000000090724
000000465285
000000337771
000000546474
000000429620
000000056997
000000037125
000000413275
000000467050
000000263039
000000233737
000000209901
000000031062
000000262654
000000033663
000000260966
000000327766
000000421970
000000392260
000000422818
000000017946
000000122589
000000480421
000000463019
000000203191
000000060120
000000142589
000000447444
000000157206
000000011147
000000508215
000000387416
000000067361
000000331753
000000137273
000000150787
000000309949
000000291149
000000422921
000000395512
000000340420
000000579034
000000054961
000000208671
000000379378
000000512511
000000390559
000000430850
000000388027
000000129328
000000167148
000000565807
000000579176
000000194459
000000525904
000000088915
000000575199
000000572886
000000450452
000000455879
000000381382
000000074126
000000228334
000000168260
000000485761
000000265574
000000058472
000000175021
000000360408
000000044923
000000364698
000000492472
000000447043
000000491117
000000192816
000000234084
000000515642
000000381792
000000258370
000000009791
000000089223
000000468237
000000433129
000000110951
000000073733
000000255453
000000129782
000000543814
000000139075
000000013159
000000034904
000000303892
000000478738
000000024702
000000575594
000000278952
000000260167
000000325294
000000180418
000000252359
000000573001
000000025723
000000001064
000000245314
000000328745
000000460723
000000011506
000000371489
000000015809
000000000827
000000144718
000000156436
000000037814
000000435005
000000386704
000000385535
000000515734
000000424744
000000197962
000000385103
000000278375
000000187723
000000216579
000000480861
000000216254
000000225834
000000250246
000000395987
000000123970
000000247465
000000280363
000000412172
000000183131
000000224289
000000456236
000000205543
000000042696
000000465856
000000488060
000000435994
000000462192
000000509154
000000111435
000000029698
000000218854
000000224109
000000499957
000000274017
000000487392
000000489099
000000459770
000000397181
000000377294
000000021535
000000064409
000000416476
000000551663
000000342380
000000310240
000000324116
000000188922
000000044524
000000363639
000000143420
000000338529
000000477052
000000249909
000000428498
000000273205
000000186265
000000120127
000000448436
000000505852
000000430287
000000468241
000000315645
000000109860
000000275557
000000499237
000000400235
000000090194
000000457651
000000201925
000000166130
000000148479
000000529827
000000435883
000000364656
000000431154
000000372673
000000319687
000000295398
000000454898
000000299417
000000306103
000000401919
000000001355
000000012319
000000523691
000000275710
000000415039
000000507326
000000033765
000000423097
000000139304
000000078112
000000006753
000000529864
000000271791
000000280879
000000174351
000000536252
000000066798
000000208919
000000542202
000000152238
000000359592
000000340185
000000298562
000000529465
000000117578
000000070758
000000518100
000000052145
000000364589
000000400353
000000552031
000000161885
000000373568
000000176086
000000126046
000000307784
000000314646
000000488368
000000057222
000000203069
000000085452
000000124142
000000000072
000000131171
000000457825
000000228794
000000360871
000000011758
000000369170
000000188350
000000442724
000000074224
000000229866
000000050624
000000388267
000000198921
000000316766
000000040572
000000176289
000000242387
000000092034
000000385860
000000573623
000000091875
000000474279
000000206416
000000557497
000000487528
000000193041
000000045181
000000411191
000000566046
000000332448
000000288591
000000532131
000000526941
000000543961
000000025145
000000558128
000000401518
000000565870
000000535978
000000539678
000000334826
000000056289
000000109928
000000425933
000000576422
000000287094
000000116579
000000010222
000000410091
000000146591
000000372996
000000050443
000000167395
000000097734
000000157744
000000043353
000000537721
000000569792
000000349185
000000518524
000000447645
000000496268
000000180857
000000506540
000000469816
000000511495
000000334642
000000127866
000000273324
000000433133
000000357391
000000181506
000000141770
000000341792
000000163827
000000224282
000000375611
000000172910
000000161354
000000123066
000000253521
000000515394
000000277616
000000405291
000000441906
000000564043
000000401835
000000348479
000000120164
000000366759
000000108264
000000302221
000000197044
000000302052
000000411313
000000187728
000000401653
000000541408
000000258108
000000235469
000000077980
000000261115
000000571909
000000151156
000000062619
000000383764
000000020207
000000288556
000000281280
000000441264
000000137275
000000045768
000000436665
000000376422
000000342682
000000471455
000000373704
000000104568
000000344171
000000387576
000000539992
000000210048
000000410920
000000215718
000000049445
000000331646
000000446459
000000378710
000000134590
000000521288
000000432171
000000534203
000000496321
000000016111
000000253718
000000160108
000000556183
000000307554
000000156299
000000539129
000000213158
000000201748
000000554439
000000547760
000000182316
000000223988
000000126685
000000520422
000000080824
000000009186
000000210635
000000143624
000000521352
000000117289
000000079193
000000576317
000000079154
000000376691
000000158878
000000001472
000000431352
000000124759
000000056478
000000372161
000000358607
000000002388
000000142323
000000489346
000000479467
000000371174
000000007504
000000005010
000000112747
000000026297
000000010822
000000019890
000000251630
000000563816
000000428452
000000562989
000000010211
000000507479
000000072466
000000237215
000000256028
000000026958
000000549965
000000524975
000000523561
000000357475
000000217103
000000261387
000000452953
000000234942
000000423986
000000431808
000000420831
000000559614
000000236740
000000549375
000000105344
000000328499
000000203705
000000160886
000000573483
000000159542
000000049073
000000159021
000000456942
000000094791
000000333826
000000075212
000000169203
000000483656
000000184679
000000420200
000000442654
000000102815
000000280540
000000207204
000000425135
000000305517
000000537982
000000189257
000000406326
000000053178
000000312017
000000098987
000000329030
000000358724
000000492606
000000448854
000000162768
000000403279
000000186699
000000172475
000000330518
000000329124
000000401336
000000298172
000000096202
000000011184
000000026497
000000392537
000000086320
000000316157
000000409623
000000076962
000000191212
000000281017
000000463751
000000274784
000000570295
000000267978
000000413942
000000001737
000000498090
000000117454
000000267229
000000157067
000000491899
000000065333
000000471235
000000289583
000000339985
000000329675
000000433019
000000311478
000000009763
000000293385
000000090280
000000351116
000000518551
000000375342
000000250909
000000081508
000000139130
000000553192
000000437467
000000201010
000000409646
000000047071
000000235404
000000000706
000000442210
000000197222
000000239555
000000343066
000000319283
000000013914
000000084886
000000016518
000000220621
000000060684
000000563601
000000551285
000000225358
000000258040
000000532124
000000008953
000000293334
000000184155
000000225133
000000481073
000000224437
000000322749
000000133835
000000167645
000000044913
000000275913
000000483418
000000155709
000000125997
000000006721
000000564699
000000189197
000000399825
000000480501
000000511425
000000325801
000000581087
000000090392
000000226527
000000577176
000000259976
000000109005
000000069200
000000381204
000000011712
000000205595
000000104809
000000365073
000000185930
000000416841
000000350242
000000146111
000000527720
000000194193
000000542611
000000322858
000000137583
000000422343
000000025172
000000165172
000000191661
000000179318
000000197680
000000474155
000000388575
000000074524
000000072237
000000066543
000000411845
000000578659
000000426595
000000076159
000000275429
000000544253
000000033608
000000000502
000000265629
000000401721
000000293837
000000208882
000000056327
000000094563
000000434234
000000316575
000000575915
000000188474
000000169726
000000459898
000000238843
000000486290
000000157860
000000198631
000000474543
000000494281
000000419893
000000405483
000000555677
000000459408
000000047905
000000043892
000000441943
000000363486
000000516080
000000418565
000000344875
000000527963
000000443179
000000061515
000000261178
000000569495
000000219832
000000259489
000000285074
000000400847
000000212786
000000471020
000000267531
000000489861
000000520924
000000028171
000000184874
000000176098
000000285705
000000473919
000000529117
000000375737
000000370305
000000139958
000000103564
000000207424
000000165706
000000063408
000000148706
000000385265
000000513111
000000579405
000000060513
000000406732
000000071221
000000427083
000000012321
000000143644
000000521667
000000466529
000000402234
000000247631
000000173235
000000127006
000000493581
000000260942
000000221927
000000513434
000000204821
000000378396
000000060600
000000237262
000000393354
000000578796
000000312154
000000330720
000000258315
000000063835
000000465324
000000346940
000000411436
000000019836
000000487493
000000344924
000000002531
000000276295
000000069955
000000501889
000000523466
000000275279
000000460168
000000090935
000000029287
000000263302
000000162539
000000557227
000000055493
000000401198
000000176758
000000511058
000000144196
000000519369
000000334466
000000315043
000000500321
000000033146
000000073342
000000039697
000000411385
000000214280
000000074827
000000059399
000000160812
000000283968
000000521593
000000491510
000000467909
000000402082
000000495802
000000489369
000000055010
000000511138
000000287890
000000139785
000000281188
000000537907
000000168129
000000476628
000000155575
000000041288
000000237003
000000462982
000000141265
000000570598
000000239736
000000416778
000000031926
000000231604
000000138836
000000396194
000000202989
000000476313
000000403263
000000562090
000000242709
000000099382
000000029875
000000229569
000000182450
000000359070
000000187876
000000263901
000000429802
000000200206
000000490567
000000102724
000000355022
000000578411
000000075083
000000513891
000000335925
000000311991
000000054924
000000544786
000000089892
000000430692
000000248191
000000100128
000000480729
000000482740
000000174845
000000338889
000000150040
000000478090
000000495609
000000240782
000000463102
000000163514
000000155388
000000314396
000000197507
000000404748
000000136170
000000358266
000000384261
000000076249
000000110603
000000290608
000000393225
000000349352
000000042422
000000578238
000000044767
000000206161
000000507532
000000186336
000000136154
000000151092
000000125167
000000494192
000000023380
000000456719
000000330878
000000175889
000000304849
000000054490
000000396295
000000022090
000000226693
000000056442
000000095300
000000446130
000000370678
000000444453
000000088606
000000422623
000000521605
000000163192
000000154207
000000138192
000000361638
000000067959
000000024637
000000029342
000000456737
000000044336
000000414082
000000095247
000000027440
000000285929
000000062193
000000347068
000000491778
000000530649
000000209692
000000363880
000000352917
000000006874
000000412326
000000322149
000000369250
000000210951
000000057340
000000405851
000000146700
000000576550
000000522143
000000468277
000000236698
000000514064
000000292384
000000291257
000000492785
000000375914
000000258026
000000498809
000000078716
000000467180
000000466772
000000573330
000000273576
000000540959
000000181742
000000132682
000000473119
000000182366
000000364137
000000148394
000000371315
000000457717
000000263968
000000521117
000000525815
000000474713
000000008394
000000075046
000000296404
000000385916
000000391033
000000095079
000000036973
000000117441
000000379037
000000203858
000000328500
000000224891
000000282286
000000207980
000000199237
000000567437
000000425848
000000316229
000000024450
000000257558
000000400593
000000354631
000000100244
000000561436
000000001282
000000008686
000000012551
000000366508
000000310707
000000492075
000000267624
000000016193
000000403558
000000554534
000000126129
000000516022
000000029430
000000491384
000000362796
000000293704
000000553813
000000083507
000000282523
000000419971
000000546975
000000206878
000000443093
000000335589
000000454969
000000305019
000000365858
000000077849
000000065465
000000066878
000000405742
000000143671
000000313206
000000458572
000000508955
000000093778
000000086877
000000048185
000000404254
000000541345
000000018291
000000493503
000000442791
000000472228
000000175604
000000385646
000000053892
000000295952
000000259235
000000152776
000000553505
000000261064
000000484214
000000032252
000000241803
000000180575
000000501773
000000117019
000000501667
000000189559
000000268992
000000502808
000000272991
000000437276
000000230687
000000058797
000000411475
000000167479
000000083915
000000222879
000000354645
000000411931
000000327500
000000530999
000000139281
000000194897
000000524725
000000452652
000000293412
000000291786
000000321437
000000546531
000000338078
000000244973
000000277331
000000532557
000000003737
000000048285
000000502605
000000520087
000000093007
000000352377
000000289333
000000113956
000000205898
000000219473
000000443308
000000129843
000000562393
000000400336
000000193781
000000299357
000000447549
000000421882
000000145791
000000071214
000000392618
000000142999
000000064141
000000471056
000000310789
000000390795
000000179667
000000350988
000000390706
000000317476
000000408815
000000236406
000000374326
000000569607
000000494383
000000356236
000000121876
000000079671
000000286751
000000431708
000000022842
000000468141
000000473571
000000183980
000000002255
000000456422
000000503497
000000580142
000000509804
000000289344
000000522952
000000390996
000000174258
000000310716
000000470553
000000521201
000000313286
000000421451
000000179019
000000398648
000000535318
000000485080
000000424731
000000399752
000000206341
000000360525
000000525953
000000361578
000000140513
000000046004
000000193410
000000409408
000000107776
000000572331
000000446391
000000187063
000000254931
000000435185
000000196342
000000224248
000000397479
000000473849
000000541472
000000558276
000000067805
000000533281
000000152898
000000547863
000000181876
000000035123
000000246328
000000453695
000000301191
000000448662
000000301344
000000444302
000000414948
000000391652
000000395120
000000350722
000000407915
000000231161
000000303414
000000161854
000000257934
000000118851
000000410216
000000107129
000000272706
000000285263
000000071137
000000068084
000000402973
000000253860
000000121101
000000504550
000000543268
000000517109
000000137964
000000139541
000000165919
000000500859
000000289862
000000193465
000000116141
000000374669
000000162181
000000376017
000000202960
000000240038
000000409566
000000222726
000000458540
000000076674
000000142413
000000112327
000000183352
000000549720
000000355740
000000467755
000000018748
000000102057
000000446894
000000563311
000000210955
000000336811
000000157176
000000263482
000000046809
000000017352
000000316047
000000010909
000000502419
000000166998
000000161657
000000484749
000000349097
000000581882
000000372726
000000489302
000000279305
000000161782
000000236574
000000020403
000000291788
000000068401
000000186671
000000327983
000000255842
000000395531
000000491102
000000438004
000000572899
000000353072
000000205279
000000087230
000000115851
000000397724
000000258113
000000469795
000000416300
000000118060
000000028110
000000323819
000000471504
000000046603
000000047952
000000522554
000000548905
000000425595
000000401384
000000146432
000000397187
000000095379
000000007934
000000003178
000000192764
000000266920
000000314833
000000043566
000000271934
000000482626
000000096685
000000568455
000000147178
000000316250
000000122987
000000371490
000000468171
000000170931
000000164095
000000282841
000000054082
000000124889
000000509188
000000074000
000000199653
000000190896
000000193923
000000003782
000000210136
000000021338
000000136780
000000183151
000000550126
000000556120
000000011334
000000485406
000000160771
000000238708
000000335503
000000305871
000000260817
000000084040
000000218011
000000169766
000000258337
000000282186
000000267349
000000083161
000000565652
000000399558
000000131895
000000226076
000000197192
000000435758
000000471238
000000036090
000000262756
000000163608
000000065211
000000343749
000000556230
000000516490
000000074388
000000433021
000000038732
000000352649
000000301506
000000469181
000000400836
000000050461
000000120088
000000242096
000000292435
000000261648
000000212801
000000052360
000000395221
000000340884
000000240119
000000298452
000000284979
000000144053
000000182927
000000457521
000000557342
000000059704
000000250045
000000544071
000000028995
000000502325
000000345543
000000003692
000000147818
000000300815
000000492545
000000045356
000000534578
000000419558
000000545663
000000046323
000000352316
000000152785
000000378007
000000429591
000000043376
000000005667
000000557387
000000076026
000000090818
000000192390
000000222444
000000493500
000000109051
000000139277
000000209326
000000167541
000000389213
000000333823
000000181697
000000369506
000000422427
000000132686
000000277015
000000531970
000000035514
000000009452
000000316580
000000067644
000000087929
000000240074
000000081787
000000579057
000000209322
000000455044
000000232123
000000044964
000000304818
000000383282
000000525891
000000530600
000000164583
000000324313
000000274678
000000317527
000000572055
000000456391
000000322807
000000149469
000000382951
000000080495
000000557119
000000070479
000000375544
000000551459
000000462984
000000378795
000000514871
000000296169
000000118131
000000245825
000000521351
000000484346
000000244108
000000487589
000000574010
000000345658
000000042740
000000238152
000000031566
000000259913
000000059152
000000577738
000000445446
000000447811
000000217043
000000408101
000000193756
000000452854
000000553184
000000089540
000000313666
000000025535
000000102620
000000542804
000000150283
000000377416
000000210680
000000085735
000000031418
000000483945
000000396311
000000214523
000000084137
000000526227
000000025414
000000327551
000000288229
000000523161
000000410743
000000426158
000000047151
000000349083
000000455422
000000154414
000000119444
000000133161
000000499779
000000518553
000000422395
000000137211
000000208513
000000378814
000000479315
000000037958
000000285614
000000568614
000000382652
000000530713
000000166880
000000009857
000000025241
000000257490
000000560368
000000447758
000000439932
000000557220
000000427859
000000229885
000000190094
000000536716
000000156769
000000202909
000000340332
000000085098
000000259616
000000346309
000000450849
000000571973
000000220670
000000510609
000000129658
000000378632
000000332585
000000359872
000000080562
000000493187
000000062604
000000378896
000000435323
000000192153
000000016825
000000079322
000000032964
000000045710
000000199390
000000262013
000000083325
000000415911
000000361033
000000351591
000000315622
000000243120
000000457188
000000100703
000000454644
000000217458
000000072845
000000025816
000000398622
000000336672
000000380058
000000000670
000000465478
000000378765
000000535448
000000264870
000000307246
000000241934
000000365592
000000253866
000000075324
000000003941
000000061076
000000003690
000000186685
000000430710
000000322191
000000287495
000000166915
000000403644
000000529549
000000096923
000000430885
000000112573
000000091966
000000465200
000000285908
000000226244
000000331024
000000495677
000000524369
000000059540
000000574207
000000154556
000000443869
000000534140
000000522613
000000395397
000000571953
000000134413
000000360302
000000455878
000000066373
000000077380
000000204514
000000545308
000000145742
000000410947
000000361119
000000100322
000000034089
000000531812
000000357386
000000390474
000000153307
000000391444
000000408417
000000564270
000000263246
000000314068
000000515147
000000544639
000000115928
000000274591
000000538819
000000575908
000000344920
000000477497
000000329546
000000138832
000000184951
000000477485
000000019015
000000286022
000000391700
000000063261
000000048273
000000079107
000000472296
000000557114
000000337511
000000186207
000000038890
000000228025
000000292581
000000107259
000000561303
000000095078
000000399829
000000349069
000000191501
000000357057
000000574250
000000404981
000000291582
000000401288
000000470055
000000173751
000000436947
000000290285
000000282419
000000253942
000000148527
000000373036
000000318222
000000273082
000000532509
000000296763
000000296098
000000033898
000000175293
000000353133
000000101190
000000371243
000000357113
000000193895
000000575511
000000156101
000000223902
000000300584
000000509036
000000074039
000000521884
000000521338
000000013035
000000403145
000000220062
000000022382
000000401831
000000176414
000000080982
000000478833
000000444582
000000435182
000000131415
000000132188
000000481648
000000406743
000000289204
000000032102
000000332427
000000535733
000000215826
000000237872
000000279154
000000521643
000000101330
000000339495
000000111290
000000104449
000000159880
000000330356
000000276444
000000251033
000000417638
000000015311
000000114259
000000396116
000000268848
000000452821
000000163185
000000553071
000000110111
000000477194
000000105784
000000011727
000000488790
000000283545
000000160892
000000404095
000000257673
000000493235
000000089395
000000222280
000000446452
000000317391
000000539132
000000035668
000000104906
000000289864
000000417079
000000548593
000000394659
000000520229
000000237720
000000294761
000000465786
000000551746
000000115379
000000567179
000000325423
000000004885
000000287253
000000267055
000000156455
000000445267
000000411792
000000032367
000000439482
000000489072
000000375169
000000336634
000000484246
000000033891
000000126958
000000220224
000000351976
000000256655
000000214367
000000128522
000000323925
000000214300
000000171500
000000482320
000000119460
000000435279
000000300090
000000515843
000000112517
000000007522
000000072004
000000071621
000000416026
000000276376
000000360779
000000243018
000000560683
000000105592
000000209441
000000429227
000000316091
000000418440
000000563809
000000567198
000000446470
000000458326
000000129546
000000077760
000000513744
000000081081
000000045153
000000194574
000000285678
000000150779
000000044520
000000532571
000000213174
000000351598
000000141477
000000411954
000000123239
000000471901
000000480157
000000257502
000000182607
000000390583
000000363248
000000465057
000000425052
000000533329
000000476299
000000008290
000000135730
000000542211
000000541332
000000365572
000000260516
000000500921
000000194885
000000193435
000000119922
000000333517
000000196719
000000386633
000000206809
000000113897
000000134346
000000543371
000000449259
000000535651
000000210193
000000170999
000000482062
000000186438
000000552460
000000024371
000000025430
000000541301
000000344744
000000042366
000000290436
000000461245
000000399513
000000154637
000000208845
000000138982
000000382997
000000570755
000000101686
000000565117
000000451058
000000243823
000000405778
000000180911
000000418699
000000091487
000000217672
000000451940
000000115637
000000259040
000000316383
000000391088
000000300221
000000560750
000000306560
000000533825
000000216322
000000215300
000000446733
000000350549
000000023679
000000247504
000000105683
000000284351
000000545278
000000502253
000000579023
000000219657
000000208509
000000012690
000000504736
000000392631
000000409125
000000477336
000000562879
000000485890
000000253688
000000554340
000000441425
000000450961
000000344561
000000265748
000000149924
000000407967
000000315348
000000343849
000000422810
000000238933
000000319594
000000163761
000000500780
000000517748
000000567390
000000225824
000000102316
000000361356
000000370399
000000127726
000000404889
000000063486
000000164442
000000416909
000000257489
000000208262
000000481425
000000142298
000000518592
000000561119
000000555405
000000021138
000000227847
000000574281
000000534151
000000486968
000000113495
000000153901
000000340699
000000563444
000000058732
000000435543
000000035677
000000451353
000000472415
000000303668
000000037336
000000471226
000000536823
000000224970
000000090310
000000270758
000000033182
000000168329
000000040699
000000034301
000000173217
000000107814
000000048573
000000076246
000000106464
000000536045
000000452013
000000479803
000000041074
000000143621
000000466262
000000210809
000000520843
000000390341
000000372022
000000154349
000000362524
000000158311
000000471534
000000173533
000000084440
000000183100
000000352445
000000487401
000000108548
000000410622
000000159680
000000147291
000000410493
000000476489
000000027065
000000421286
000000426806
000000330914
000000505663
000000459826
000000176871
000000516974
000000535997
000000462562
000000447456
000000497693
000000323760
000000398540
000000174694
000000060554
000000443780
000000487098
000000125377
000000066670
000000430848
000000574251
000000066987
000000363508
000000002279
000000536369
000000175821
000000250234
000000168099
000000176761
000000284493
000000246677
000000025809
000000543281
000000271964
000000334995
000000205520
000000565788
000000266133
000000255654
000000447501
000000434413
000000353884
000000305705
000000571876
000000233264
000000369212
000000558541
000000033243
000000225859
000000038064
000000154711
000000007398
000000255470
000000195648
000000320877
000000326475
000000286860
000000382751
000000508913
000000576290
000000401877
000000302243
000000082779
000000319285
000000421676
000000067027
000000208043
000000318144
000000261789
000000310094
000000281442
000000010245
000000108110
000000479357
000000016680
000000167741
000000453866
000000278907
000000452297
000000365316
000000479316
000000344854
000000372009
000000075426
000000118724
000000409767
000000528011
000000278020
000000003613
000000051164
000000261500
000000132037
000000372855
000000556648
000000188329
000000517794
000000354019
000000190575
000000309135
000000247624
000000253222
000000257796
000000405196
000000486008
000000140850
000000064355
000000430677
000000161277
000000349603
000000508844
000000425573
000000554142
000000231512
000000552073
000000160415
000000163431
000000129456
000000040569
000000259910
000000498949
000000075190
000000332777
000000005253
000000387669
000000105866
000000410988
000000293341
000000268905
000000364159
000000384463
000000065095
000000391000
000000101951
000000090171
000000242286
000000252208
000000155790
000000284688
000000394089
000000038046
000000051379
000000463464
000000009723
000000249856
000000013466
000000544348
000000373810
000000401838
000000172398
000000182369
000000168331
000000068295
000000500324
000000431211
000000211653
000000452585
000000542488
000000539016
000000312430
000000326442
000000422145
000000444770
000000070285
000000574402
000000194742
000000050101
000000374897
000000254989
000000223468
000000527879
000000118607
000000514271
000000142189
000000239706
000000190022
000000442536
000000254853
000000471332
000000419645
000000012073
000000558771
000000005344
000000567407
000000303928
000000292160
000000036836
000000480239
000000541938
000000024053
000000398792
000000278962
000000543525
000000574527
000000316006
000000258073
000000528342
000000542146
000000421544
000000466827
000000190783
000000196990
000000436111
000000201477
000000330979
000000055559
000000389326
000000229981
000000288723
000000170607
000000065252
000000482984
000000187331
000000067587
000000118918
000000108617
000000464081
000000066668
000000550099
000000173490
000000353206
000000092244
000000343068
000000448599
000000288169
000000283963
000000439007
000000196594
000000385842
000000433536
000000311879
000000081117
000000269590
000000160115
000000186518
000000374396
000000466024
000000366330
000000276918
000000180119
000000172285
000000082003
000000200489
000000150812
000000000955
000000444346
000000307480
000000443003
000000386683
000000114926
000000343511
000000507992
000000580121
000000076122
000000250289
000000339105
000000407030
000000252608
000000136338
000000119187
000000115887
000000217301
000000042453
000000080690
000000026735
000000048143
000000002902
000000147895
000000339634
000000098155
000000099393
000000101074
000000047467
000000220834
000000354600
000000005046
000000502279
000000288714
000000097543
000000571242
000000495957
000000284256
000000221561
000000214801
000000496431
000000236772
000000323829
000000065085
000000477389
000000157181
000000473345
000000515050
000000003481
000000334234
000000471086
000000039750
000000345826
000000051277
000000127455
000000572183
000000513056
000000223560
000000303847
000000362483
000000535643
000000504970
000000386819
000000161935
000000478505
000000104898
000000162675
000000172911
000000214507
000000509679
000000225867
000000120499
000000540746
000000421979
000000412599
000000349234
000000201318
000000459093
000000077842
000000424431
000000095777
000000557005
000000067118
000000500782
000000357891
000000449011
000000102200
000000414089
000000542699
000000223687
000000416931
000000528049
000000226648
000000499716
000000219118
000000176721
000000148286
000000328512
000000065080
000000079490
000000307981
000000494141
000000061422
000000333485
000000373410
000000493048
000000370012
000000449942
000000232618
000000468605
000000373492
000000258909
000000181275
000000514384
000000023411
000000569079
000000220205
000000338472
000000451305
000000456328
000000220948
000000230017
000000292242
000000348924
000000488605
000000275335
000000115080
000000013356
000000364699
000000264823
000000318183
000000425520
000000246032
000000373783
000000504099
000000049542
000000566236
000000464880
000000355193
000000462164
000000040500
000000298809
000000325944
000000565947
000000059870
000000143051
000000561201
000000566687
000000088005
000000029716
000000535037
000000136077
000000517081
000000078243
000000158306
000000301714
000000544582
000000581346
000000526588
000000369349
000000430065
000000084200
000000459793
000000474464
000000459201
000000061564
000000241310
000000549384
000000275175
000000442508
000000447932
000000148343
000000445887
000000457981
000000058736
000000228565
000000430821
000000202587
000000539340
000000013524
000000504024
000000390175
000000080549
000000492379
000000436284
000000188078
000000140691
000000085543
000000531563
000000029906
000000330051
000000380885
000000432831
000000508245
000000108894
000000036996
000000242558
000000331329
000000478979
000000517494
000000511706
000000233997
000000524247
000000384901
000000405815
000000496065
000000030791
000000187099
000000130005
000000260883
000000254143
000000169154
000000523433
000000437138
000000452922
000000149232
000000179948
000000482485
000000126743
000000148766
000000315378
000000062562
000000080045
000000247609
000000000941
000000225075
000000130714
000000499324
000000485799
000000016544
000000546632
000000342132
000000202827
000000027032
000000307352
000000020818
000000177939
000000449106
000000120805
000000489585
000000113106
000000394739
000000540103
000000271046
000000493996
000000456563
000000453895
000000304159
000000284147
000000022767
000000164918
000000040896
000000134715
000000500660
000000534519
000000110257
000000504020
000000125042
000000247668
000000042086
000000144635
000000022340
000000029600
000000162577
000000141180
000000431322
000000355727
000000351989
000000262213
000000035940
000000155746
000000415269
000000063381
000000280787
000000439961
000000343968
000000058951
000000471043
000000484446
000000288372
000000517045
000000020820
000000426087
000000304698
000000531837
000000553401
000000260107
000000468744
000000129733
000000357696
000000177917
000000244326
000000192780
000000391016
000000304710
000000289782
000000263281
000000026799
000000249443
000000009214
000000372789
000000275466
000000139843
000000016119
000000305287
000000503170
000000171453
000000294431
000000270846
000000453875
000000255181
000000519407
000000497642
000000578276
000000026323
000000065586
000000122996
000000325208
000000104756
000000309338
000000358915
000000271057
000000338736
000000108169
000000375066
000000132702
000000495143
000000085302
000000158642
000000018350
000000479909
000000497042
000000202131
000000518552
000000341359
000000309257
000000316471
000000169181
000000069087
000000369386
000000323278
000000452014
000000361774
000000297736
000000295803
000000570351
000000309195
000000045599
000000100084
000000362159
000000141166
000000039516
000000067563
000000280810
000000240830
000000315110
000000011042
000000314282
000000167622
000000085721
000000102755
000000028329
000000214320
000000229782
000000201814
000000279608
000000135681
000000564465
000000209092
000000103234
000000197499
000000503771
000000059738
000000362668
000000188973
000000087403
000000255582
000000471665
000000489070
000000040866
000000285397
000000195081
000000510264
000000457519
000000428773
000000335033
000000356083
000000050552
000000193114
000000144250
000000493067
000000320972
000000466499
000000095833
000000125755
000000390260
000000425690
000000522856
000000562357
000000451803
000000138227
000000236484
000000420450
000000579664
000000464456
000000285512
000000178440
000000273840
000000342614
000000005418
000000169352
000000516994
000000066348
000000002618
000000351910
000000304065
000000268231
000000016928
000000344894
000000476525
000000147762
000000524115
000000532673
000000072637
000000542248
000000227241
000000250387
000000059322
000000134483
000000349212
000000411855
000000536587
000000264406
000000141600
000000220270
000000503883
000000571678
000000452824
000000117664
000000383073
000000034933
000000192862
000000131747
000000102665
000000503541
000000251967
000000123841
000000344765
000000064454
000000501855
000000388157
000000564550
000000071917
000000381832
000000504187
000000511436
000000382745
000000444348
000000329150
000000144760
000000266360
000000197853
000000096461
000000094145
000000321092
000000069266
000000251476
000000245631
000000356962
000000254101
000000106241
000000303232
000000158208
000000362811
000000228415
000000422656
000000206290
000000311452
000000379190
000000164172
000000149376
000000484758
000000319683
000000353102
000000429791
000000066154
000000499391
000000379024
000000500420
000000120462
000000525189
000000432723
000000167698
000000413300
000000386179
000000039847
000000448161
000000250261
000000243637
000000122419
000000133995
000000075811
000000462968
000000569656
000000322560
000000025411
000000252008
000000017613
000000317019
000000309710
000000533750
000000188621
000000439519
000000206550
000000070745
000000333605
000000195949
000000496179
000000032403
000000479102
000000410225
000000568071
000000120388
000000410979
000000259242
000000035413
000000189983
000000053143
000000402313
000000418372
000000085750
000000190872
000000366421
000000229324
000000423448
000000048925
000000222857
000000493459
000000429407
000000444337
000000190111
000000306232
000000086098
000000110559
000000159585
000000071241
000000345803
000000505895
000000397322
000000177102
000000304950
000000048139
000000349046
000000140130
000000383580
000000224012
000000372250
000000030187
000000225986
000000390844
000000227207
000000273188
000000166127
000000335037
000000292868
000000326640
000000111361
000000312282
000000168954
000000383888
000000477719
000000120520
000000009759
000000151761
000000183701
000000099086
000000421703
000000261085
000000504639
000000192080
000000154209
000000310670
000000252602
000000182349
000000268146
000000568341
000000077667
000000084259
000000139728
000000087977
000000544395
000000580003
000000190395
000000114748
000000133750
000000498562
000000468287
000000369792
000000029484
000000374184
000000089054
000000220697
000000048795
000000318461
000000232173
000000196974
000000430551
000000265636
000000079896
000000267647
000000283970
000000117897
000000410915
000000474506
000000416145
000000512022
000000104701
000000475890
000000153567
000000099913
000000027679
000000160250
000000428175
000000524991
000000167894
000000139734
000000313757
000000163803
000000437209
000000396112
000000502863
000000154895
000000252986
000000206077
000000202748
000000207030
000000410447
000000221578
000000404437
000000374453
000000253810
000000492292
000000206934
000000286310
000000463628
000000140210
000000179454
000000065737
000000546620
000000211423
000000172889
000000059218
000000521236
000000355069
000000265896
000000103375
000000007785
000000246966
000000292518
000000122352
000000279503
000000477535
000000541893
000000202507
000000428085
000000571531
000000291206
000000085281
000000295336
000000147030
000000328454
000000568111
000000384333
000000240511
000000567454
000000044928
000000179610
000000308977
000000463285
000000547440
000000360367
000000005635
000000028982
000000271970
000000429305
000000008062
000000091844
000000060688
000000016720
000000502006
000000128466
000000055049
000000310440
000000427036
000000256844
000000505911
000000375027
000000056714
000000543010
000000322816
000000113077
000000320582
000000469824
000000525265
000000462191
000000563725
000000547378
000000191305
000000240565
000000253658
000000164710
000000081174
000000508771
000000365214
000000267088
000000277466
000000187025
000000268809
000000452308
000000218863
000000119614
000000315861
000000494751
000000133175
000000353282
000000531111
000000356533
000000050356
000000437546
000000175270
000000365135
000000399665
000000261504
000000295370
000000106805
000000576413
000000282994
000000156128
000000486163
000000401393
000000024582
000000075791
000000173897
000000152866
000000253656
000000208338
000000441678
000000318311
000000364485
000000154443
000000475457
000000166320
000000212440
000000074794
000000338988
000000236312
000000333376
000000566864
000000069426
000000148591
000000430583
000000157188
000000545016
000000037746
000000452536
000000435240
000000310766
000000361866
000000183409
000000345357
000000061582
000000168217
000000098328
000000420466
000000038323
000000061562
000000265134
000000024762
000000436436
000000482766
000000400443
000000271419
000000409833
000000056713
000000128167
000000007729
000000279810
000000425153
000000520208
000000045882
000000340065
000000045471
000000213438
000000252996
000000196817
000000421437
000000225565
000000207625
000000103510
000000581739
000000527184
000000211439
000000421334
000000370763
000000213437
000000072602
000000064746
000000128175
000000534923
000000472348
000000555805
000000196995
000000526598
000000192744
000000027297
000000480280
000000332219
000000036187
000000444591
000000183276
000000177339
000000405945
000000515773
000000250490
000000455165
000000263014
000000409369
000000226552
000000428191
000000122994
000000452187
000000460068
000000208166
000000243775
000000106498
000000204562
000000384986
000000348207
000000044251
000000082480
000000262325
000000317464
000000357841
000000122017
000000034528
000000192804
000000332562
000000079808
000000233829
000000093427
000000137847
000000221380
000000042222
000000547985
000000092554
000000104265
000000017488
000000214816
000000440015
000000403398
000000153162
000000396685
000000294724
000000547118
000000509402
000000546021
000000333583
000000555571
000000487256
000000309944
000000563920
000000248769
000000564759
000000315607
000000500888
000000099751
000000393258
000000431492
000000472065
000000490042
000000559682
000000562595
000000173783
000000285089
000000248116
000000017896
000000518023
000000421533
000000168084
000000405459
000000512968
000000501121
000000380343
000000232905
000000333411
000000146169
000000115250
000000184383
000000405729
000000145587
000000504690
000000104825
000000063409
000000332724
000000444496
000000225546
000000045325
000000428105
000000128324
000000109837
000000215320
000000500792
000000514607
000000543631
000000527623
000000100863
000000190227
000000208940
000000134902
000000014483
000000574032
000000340489
000000021569
000000144480
000000071429
000000483352
000000572474
000000180721
000000188345
000000216443
000000358555
000000378672
000000265235
000000417039
000000552977
000000066943
000000116717
000000444626
000000572859
000000156999
000000166811
000000057300
000000411666
000000135193
000000453948
000000379740
000000485843
000000289703
000000331216
000000514294
000000292499
000000458918
000000220527
000000235906
000000293012
000000381109
000000455698
000000146126
000000020652
000000427842
000000492299
000000137589
000000341424
000000475561
000000193732
000000151077
000000002495
000000544380
000000400552
000000090138
000000518725
000000388511
000000408672
000000471573
000000034121
000000237597
000000192457
000000160041
000000216928
000000402820
000000130206
000000134236
000000384612
000000043438
000000428244
000000469834
000000444869
000000570171
000000543762
000000163628
000000180363
000000058674
000000482071
000000549224
000000393583
000000577451
000000119292
000000258402
000000416787
000000026159
000000566598
000000069350
000000267697
000000467873
000000133030
000000005263
000000393661
000000238858
000000045101
000000039663
000000474186
000000327178
000000570620
000000436319
000000105100
000000351759
000000244074
000000177837
000000572206
000000159451
000000047149
000000018864
000000024181
000000168185
000000335433
000000497187
000000254414
000000044993
000000461522
000000171081
000000036331
000000212501
000000496283
000000539071
000000283432
000000282855
000000267284
000000568700
000000556562
000000461692
000000188522
000000449574
000000064136
000000421578
000000516178
000000275499
000000050948
000000018347
000000389492
000000065270
000000063399
000000083147
000000456483
000000177167
000000312682
000000306593
000000523035
000000532351
000000366499
000000054389
000000126794
000000522285
000000387506
000000286787
000000530187
000000172727
000000443693
000000576343
000000131323
000000487942
000000187329
000000245938
000000521025
000000257988
000000228460
000000574324
000000412571
000000074328
000000134288
000000088142
000000335799
000000139210
000000486004
000000537397
000000332740
000000261344
000000196462
000000521296
000000168246
000000557659
000000337497
000000149712
000000277888
000000404988
000000357432
000000272673
000000223450
000000250833
000000322620
000000372868
000000277563
000000269634
000000559162
000000023677
000000323790
000000370170
000000059211
000000275173
000000442542
000000385781
000000094858
000000151832
000000290024
000000330402
000000195595
000000461121
000000123330
000000276964
000000507714
000000389487
000000039520
000000272675
000000194362
000000190219
000000321059
000000371069
000000430420
000000415953
000000438810
000000505891
000000526827
000000487783
000000024851
000000011076
000000262386
000000460866
000000259614
000000470588
000000074502
000000465069
000000321120
000000041200
000000366049
000000405376
000000323028
000000187566
000000343815
000000201126
000000559271
000000512757
000000521107
000000294138
000000005820
000000340118
000000239338
000000088675
000000526850
000000367788
000000484739
000000552584
000000391251
000000187972
000000512797
000000548357
000000386377
000000197661
000000040596
000000316650
000000401944
000000106079
000000539566
000000418726
000000359203
000000109730
000000120046
000000366389
000000495014
000000051076
000000065231
000000575179
000000014921
000000543557
000000193077
000000246267
000000168618
000000217671
000000527962
000000312167
000000281567
000000372246
000000140548
000000209005
000000142558
000000080819
000000035916
000000028186
000000559591
000000361815
000000309753
000000280007
000000031578
000000196168
000000509423
000000224688
000000325600
000000296730
000000248712
000000268233
000000015036
000000311566
000000302160
000000057969
000000091543
000000118739
000000164830
000000159831
000000374890
000000384523
000000164565
000000490850
000000172276
000000070931
000000405997
000000580951
000000553306
000000340958
000000533179
000000223660
000000466052
000000564870
000000317795
000000381251
000000367229
000000435787
000000307149
000000149365
000000386700
000000108242
000000208801
000000422152
000000138271
000000103307
000000086008
000000413600
000000065289
000000114363
000000358482
000000019929
000000052068
000000094514
000000349538
000000504886
000000372112
000000098394
000000000982
000000317310
000000561853
000000353295
000000173684
000000459631
000000214057
000000190898
000000153105
000000000194
000000581726
000000233873
000000427560
000000368363
000000453164
000000260305
000000419604
000000044609
000000334311
000000480056
000000364973
000000439141
000000579134
000000368821
000000072899
000000119456
000000503806
000000484136
000000494248
000000464634
000000493296
000000486638
000000517670
000000083086
000000069054
000000563076
000000505687
000000577527
000000250051
000000464386
000000272385
000000066568
000000299367
000000047938
000000277665
000000109921
000000066151
000000228901
000000037662
000000227103
000000073835
000000161083
000000336185
000000530855
000000326658
000000125503
000000498368
000000017769
000000008336
000000561613
000000321324
000000249974
000000389582
000000138148
000000435703
000000419350
000000022704
000000519113
000000082488
000000416936
000000216794
000000427016
000000336621
000000578786
000000358048
000000373532
000000447596
000000224391
000000518889
000000432017
000000406000
000000461361
000000469754
000000262933
000000070502
000000492378
000000283557
000000298810
000000418637
000000316746
000000155618
000000090026
000000505986
000000338488
000000257416
000000032992
000000461902
000000137547
000000337219
000000283147
000000074534
000000022963
000000344259
000000073066
000000215226
000000393126
000000581021
000000506379
000000565572
000000565109
000000507440
000000188509
000000389705
000000417384
000000012057
000000240084
000000111996
000000110002
000000278287
000000445638
000000170980
000000549972
000000091728
000000414324
000000174171
000000214655
000000371482
000000074132
000000265544
000000130188
000000385765
000000175688
000000168194
000000460099
000000576227
000000427633
000000324303
000000348247
000000222757
000000231773
000000088517
000000053064
000000367452
000000353495
000000522527
000000047434
000000048905
000000578950
000000207117
000000333652
000000332692
000000218608
000000236199
000000578047
000000300867
000000385185
000000502223
000000099988
000000466374
000000476936
000000233463
000000363525
000000234684
000000477847
000000340959
000000183806
000000492580
000000391406
000000536730
000000039770
000000540162
000000484583
000000168626
000000567572
000000086836
000000465204
000000173532
000000321935
000000162384
000000115119
000000114173
000000396998
000000521064
000000360541
000000482022
000000035033
000000457833
000000180442
000000241599
000000548957
000000252787
000000344483
000000574665
000000466222
000000121676
000000568628
000000347256
000000491381
000000421848
000000530888
000000231840
000000105580
000000037377
000000272610
000000243027
000000104814
000000267586
000000552149
000000351218
000000557315
000000546932
000000186079
000000079362
000000275722
000000176737
000000056652
000000179921
000000471788
000000304143
000000202970
000000023840
000000327149
000000575763
000000179558
000000362062
000000099421
000000030307
000000423508
000000476812
000000475236
000000436411
000000082721
000000444141
000000543468
000000321943
000000307278
000000047544
000000544246
000000360020
000000252277
000000527453
000000285646
000000092645
000000364158
000000295049
000000094885
000000532247
000000406201
000000256546
000000188136
000000000636
000000577949
000000324253
000000185606
000000204832
000000093219
000000408233
000000045822
000000323820
000000258890
000000027159
000000530171
000000329534
000000171099
000000339227
000000343630
000000463814
000000153987
000000515719
000000409842
000000336933
000000268866
000000450457
000000572024
000000206528
000000236218
000000117313
000000550761
000000562419
000000269600
000000303365
000000413341
000000308366
000000369731
000000378912
000000186179
000000223622
000000421208
000000029345
000000484695
000000144747
000000042534
000000287044
000000293340
000000530894
000000131952
000000161776
000000035717
000000150244
000000318161
000000071647
000000090985
000000519205
000000485025
000000010654
000000037582
000000081897
000000573966
000000015618
000000395424
000000562648
000000208875
000000403518
000000086875
000000175210
000000551609
000000318290
000000525860
000000400918
000000372894
000000355418
000000194009
000000411821
000000487289
000000021718
000000504608
000000308170
000000040881
000000276829
000000458533
000000361798
000000172218
000000222858
000000426075
000000058248
000000225264
000000531873
000000197624
000000020349
000000361381
000000159962
000000576667
000000134755
000000092207
000000186323
000000474827
000000503715
000000169517
000000111318
000000360205
000000436793
000000152474
000000335231
000000262180
000000452919
000000475651
000000501039
000000126323
000000139486
000000462875
000000003234
000000086770
000000315232
000000257196
000000140922
000000224081
000000298112
000000073726
000000121326
000000528119
000000054572
000000218357
000000218215
000000303898
000000256444
000000068049
000000206434
000000531313
000000579593
000000125182
000000144167
000000038321
000000244096
000000124509
000000447765
000000330732
000000396260
000000222811
000000210839
000000403329
000000066394
000000054038
000000056161
000000521132
000000016040
000000092905
000000197090
000000081474
000000393169
000000332122
000000504336
000000355589
000000328350
000000538814
000000158899
000000566646
000000283584
000000139400
000000047172
000000098443
000000179696
000000417410
000000339186
000000025541
000000561681
000000117792
000000295958
000000211110
000000219965
000000126090
000000287039
000000138207
000000459942
000000289968
000000000699
000000023803
000000027977
000000483241
000000098501
000000504999
000000374785
000000074096
000000001781
000000304827
000000154435
000000461788
000000347612
000000464928
000000159315
000000481723
000000211445
000000500044
000000363298
000000461916
000000402809
000000329988
000000053999
000000458629
000000358707
000000320893
000000239089
000000448426
000000066087
000000115740
000000540257
000000224364
000000546963
000000257996
000000053916
000000511379
000000433616
000000473069
000000355792
000000510898
000000203131
000000032779
000000023797
000000417440
000000160589
000000077548
000000402908
000000504414
000000557610
000000466856
000000342025
000000046848
000000576088
000000350690
000000326472
000000309848
000000502407
000000061936
000000188352
000000289660
000000415376
000000398290
000000576774
000000174866
000000208644
000000494072
000000266310
000000442980
000000436117
000000274480
000000151053
000000042321
000000351667
000000041251
000000089087
000000489183
000000428739
000000125084
000000124157
000000459037
000000460964
000000162357
000000392624
000000561938
000000268710
000000384070
000000488828
000000548722
000000013893
000000539951
000000476114
000000315181
000000576695
000000566103
000000253716
000000564185
000000411700
000000186073
000000119579
000000313412
000000262748
000000107481
000000556356
000000002240
000000527501
000000216963
000000323553
000000560307
000000541631
000000173680
000000283945
000000441891
000000092355
000000148292
000000486825
000000340893
000000521870
000000106646
000000197681
000000313637
000000030631
000000029224
000000506982
000000097339
000000314724
000000144429
000000199003
000000551031
000000387909
000000387267
000000066034
000000134673
000000031540
000000157198
000000512864
000000344374
000000091546
000000252022
000000195542
000000262752
000000531444
000000263135
000000058880
000000312536
000000060993
000000213366
000000521968
000000441599
000000548575
000000546693
000000049798
000000170309
000000429765
000000108000
000000128439
000000269508
000000035774
000000183416
000000558942
000000048491
000000091719
000000327183
000000445759
000000207622
000000079986
000000218811
000000186881
000000511141
000000149196
000000013938
000000250365
000000313820
000000415665
000000040433
000000290889
000000112996
000000504184
000000213623
000000405994
000000282583
000000321713
000000430160
000000457726
000000385157
000000384718
000000127377
000000536433
000000421673
000000092051
000000262608
000000557360
000000209068
000000004245
000000369355
000000268310
000000473171
000000418226
000000029732
000000109542
000000412800
000000084643
000000271283
000000131126
000000472097
000000023440
000000371004
000000239885
000000278043
000000553747
000000404785
000000394441
000000187563
000000468214
000000089459
000000082465
000000336763
000000103403
000000438805
000000335459
000000110174
000000560103
000000440246
000000347058
000000304240
000000519754
000000476140
000000018531
000000403336
000000076873
000000159411
000000559006
000000259296
000000546985
000000176923
000000245373
000000256365
000000320344
000000042333
000000465579
000000280320
000000191296
000000040531
000000519112
000000564820
000000158372
000000458836
000000078283
000000542548
000000465559
000000016251
000000015386
000000394288
000000211397
000000244816
000000165142
000000219174
000000566700
000000510992
000000570516
000000293946
000000240323
000000130555
000000090477
000000523894
000000581220
000000359148
000000404007
000000148272
000000409098
000000497350
000000440625
000000565053
000000122584
000000410531
000000390627
000000491701
000000532916
000000494351
000000410301
000000262599
000000299495
000000238090
000000083614
000000431594
000000485239
000000165907
000000119525
000000345598
000000153980
000000555590
000000534716
000000401561
000000439969
000000061351
000000408854
000000572165
000000076207
000000311469
000000331097
000000305713
000000127054
000000279511
000000476443
000000203178
000000237723
000000360826
000000378311
000000280808
000000207097
000000546164
000000257020
000000434502
000000345804
000000496819
000000269504
000000580835
000000529507
000000461634
000000188850
000000357424
000000391214
000000082202
000000127192
000000339588
000000199719
000000500495
000000080194
000000105330
000000134811
000000466863
000000334772
000000002624
000000157300
000000333415
000000474420
000000247764
000000085288
000000141316
000000181611
000000196524
000000271736
000000277046
000000024499
000000496064
000000530461
000000079224
000000170519
000000047229
000000357925
000000499727
000000096554
000000443373
000000430473
000000559151
000000539755
000000299632
000000574463
000000219544
000000420303
000000303291
000000252101
000000432144
000000298141
000000146706
000000197068
000000462353
000000442556
000000125886
000000443735
000000496531
000000354369
000000368780
000000144176
000000194288
000000427308
000000302715
000000410711
000000267242
000000265490
000000010858
000000522127
000000074591
000000324094
000000371138
000000488388
000000097686
000000020052
000000544597
000000450117
000000445528
000000525432
000000411257
000000336102
000000327153
000000399893
000000289245
000000011925
000000188685
000000286703
000000382210
000000496093
000000551677
000000155999
000000042144
000000480545
000000080738
000000069496
000000290437
000000093836
000000337158
000000023648
000000370652
000000228825
000000302503
000000416741
000000542694
000000502380
000000516668
000000551934
000000448653
000000282675
000000124795
000000171613
000000516139
000000276582
000000392004
000000316755
000000366459
000000458221
000000190884
000000257053
000000411261
000000076244
000000280651
000000452852
000000360672
000000474519
000000118927
000000061052
000000552114
000000537349
000000214461
000000345411
000000151900
000000331076
000000500036
000000174964
000000112657
000000340642
000000493814
000000222599
000000195368
000000351157
000000305703
000000230070
000000575606
000000416569
000000251585
000000503647
000000040181
000000526341
000000553962
000000550298
000000263478
000000388211
000000228419
000000337222
000000409454
000000133412
000000493205
000000466852
000000181857
000000176767
000000007095
000000035498
000000575496
000000055571
000000140664
000000249555
000000328881
000000119608
000000261955
000000548706
000000576939
000000154167
000000233538
000000225516
000000078117
000000209335
000000065156
000000208318
000000412356
000000409953
000000229302
000000380651
000000295379
000000180095
000000371683
000000026767
000000149456
000000056365
000000374976
000000230057
000000108259
000000248779
000000292572
000000070923
000000347312
000000524500
000000556540
000000555772
000000553772
000000557664
000000221478
000000119785
000000105626
000000145073
000000125252
000000284641
000000425035
000000255272
000000258135
000000360318
000000359276
000000358527
000000177449
000000007361
000000033554
000000252340
000000298295
000000476331
000000029357
000000529542
000000241809
000000232085
000000425219
000000178009
000000456033
000000070780
000000523505
000000179735
000000506322
000000224224
000000138397
000000550112
000000427438
000000173221
000000410849
000000069526
000000053956
000000368764
000000050422
000000148862
000000411142
000000290511
000000296651
000000014686
000000444682
000000198969
000000518814
000000335976
000000443627
000000110169
000000284469
000000379987
000000402199
000000465220
000000535497
000000133741
000000513149
000000121632
000000122007
000000071440
000000026094
000000343922
000000202572
000000507642
000000359897
000000472444
000000099984
000000127110
000000257774
000000109445
000000477258
000000234697
000000426876
000000304566
000000384836
000000299550
000000187846
000000362785
000000581362
000000290595
000000083696
000000345930
000000268641
000000338688
000000336492
000000214042
000000223650
000000003799
000000395210
000000493206
000000253233
000000409275
000000181030
000000336113
000000555976
000000143334
000000075647
000000076460
000000376187
000000518348
000000390593
000000507680
000000173527
000000333067
000000155269
000000125109
000000480551
000000474656
000000184700
000000381998
000000123599
000000238347
000000359472
000000081981
000000211303
000000580649
000000000562
000000311759
000000239618
000000069309
000000085320
000000234220
000000414648
000000439781
000000058161
000000335106
000000188902
000000419907
000000283638
000000116652
000000490031
000000238554
000000543322
000000364467
000000539224
000000197599
000000153723
000000056980
000000239452
000000264886
000000091474
000000511390
000000265631
000000333126
000000232375
000000210671
000000015802
000000216520
000000249227
000000499398
000000189364
000000108961
000000448320
000000292739
000000346006
000000544279
000000207056
000000335749
000000548171
000000373677
000000031878
000000342665
000000549287
000000398580
000000039027
000000529238
000000202329
000000022309
000000554744
000000174015
000000264962
000000161585
000000402788
000000270354
000000489343
000000174406
000000053345
000000200794
000000019349
000000258823
000000100661
000000092715
000000000620
000000477474
000000517534
000000157715
000000157809
000000550066
000000576214
000000171733
000000368834
000000189330
000000547612
000000205906
000000161129
000000177924
000000103520
000000160311
000000467460
000000439445
000000398850
000000123035
000000213652
000000072091
000000456037
000000126601
000000304481
000000310419
000000216603
000000162915
000000333124
000000425473
000000532967
000000024922
000000567982
000000244923
000000402359
000000144533
000000306169
000000174500
000000093785
000000051198
000000085867
000000284993
000000471629
000000380108
000000205716
000000412040
000000533688
000000042551
000000016735
000000210279
000000206927
000000064303
000000030793
000000484425
000000480105
000000016606
000000554658
000000192560
000000256082
000000504160
000000259712
000000130681
000000565765
000000300264
000000258501
000000156466
000000002521
000000204670
000000024290
000000112129
000000096057
000000055648
000000199918
000000356949
000000254124
000000326780
000000497701
000000066753
000000431569
000000246540
000000113944
000000509588
000000310325
000000163351
000000081043
000000443778
000000350328
000000422866
000000018089
000000176935
000000331607
000000468920
000000579700
000000215913
000000310870
000000103272
000000499130
000000029194
000000085781
000000214875
000000562770
000000306724
000000369681
000000345580
000000277165
000000276133
000000122560
000000218587
000000085122
000000489741
000000024294
000000237718
000000243135
000000200725
000000314556
000000299205
000000000873
000000136542
000000225343
000000537919
000000213539
000000249141
000000102345
000000251167
000000182377
000000066711
000000533537
000000070586
000000474784
000000565608
000000200339
000000101719
000000428837
000000260581
000000317575
000000407038
000000459987
000000114274
000000153047
000000250855
000000537389
000000029994
000000290078
000000265611
000000510915
000000145873
000000148246
000000578209
000000154804
000000310502
000000204716
000000431847
000000296604
000000166450
000000372671
000000147826
000000033917
000000206391
000000234388
000000435047
000000522703
000000289575
000000340119
000000329462
000000358868
000000196117
000000364190
000000356836
000000244666
000000365703
000000149423
000000278496
000000449718
000000463232
000000197262
000000575149
000000221711
000000497731
000000287841
000000171058
000000400124
000000163055
000000214028
000000408418
000000003270
000000431044
000000521314
000000084785
000000505729
000000386958
000000041489
000000176668
000000239244
000000278134
000000186247
000000568982
000000171175
000000535563
000000266912
000000187384
000000305496
000000345869
000000245857
000000419532
000000487525
000000531392
000000327337
000000124955
000000067420
000000537393
000000114863
000000039758
000000092680
000000000626
000000120987
000000453906
000000157610
000000072978
000000336900
000000571074
000000017604
000000295122
000000375878
000000152857
000000025743
000000422416
000000376493
000000551154
000000280911
000000329268
000000044420
000000210434
000000136173
000000478009
000000213897
000000444598
000000538922
000000188236
000000134649
000000492254
000000414108
000000053662
000000497698
000000530396
000000515287
000000090777
000000575128
000000089694
000000402386
000000569384
000000130192
000000477230
000000503097
000000536519
000000219676
000000179656
000000352129
000000252406
000000025649
000000007498
000000200986
000000334302
000000083002
000000574942
000000148909
000000425815
000000094890
000000542350
000000549143
000000007772
000000165499
000000325149
000000262677
000000195699
000000572585
000000051741
000000492727
000000253733
000000385513
000000200724
000000136299
000000188013
000000544421
000000075565
000000147546
000000230302
000000104232
000000277659
000000165299
000000034826
000000569529
000000329127
000000275529
000000569584
000000383991
000000224273
000000524392
000000025616
000000202888
000000060269
000000138069
000000174869
000000436023
000000018485
000000024802
000000447974
000000580729
000000082388
000000393508
000000023368
000000221040
000000080105
000000467112
000000027591
000000109212
000000446428
000000217511
000000182212
000000376426
000000558475
000000561199
000000098326
000000460422
000000308950
000000356369
000000037109
000000246070
000000447607
000000027270
000000352214
000000438973
000000021915
000000365578
000000315846
000000221685
000000226961
000000149767
000000229010
000000524257
000000211665
000000147236
000000339356
000000561545
000000146509
000000464602
000000049369
000000404013
000000363783
000000010432
000000268406
000000560000
000000000263
000000556932
000000033656
000000256231
000000154173
000000201271
000000418506
000000511198
000000062020
000000470780
000000511432
000000328743
000000043011
000000155578
000000318187
000000126381
000000439199
000000075227
000000108602
000000295197
000000528748
000000202426
000000346964
000000165927
000000110776
000000527575
000000415839
000000408182
000000500190
000000519132
000000252749
000000535524
000000215679
000000264720
000000173142
000000014276
000000222594
000000395557
000000306277
000000169456
000000095621
000000569058
000000449758
000000307550
000000013482
000000388011
000000519578
000000399162
000000089196
000000566146
000000293782
000000270959
000000258529
000000097779
000000172622
000000332027
000000143822
000000192118
000000164420
000000106848
000000052384
000000359365
000000442181
000000340598
000000104262
000000460621
000000278936
000000531944
000000576157
000000044749
000000442332
000000234535
000000160298
000000168533
000000176796
000000509815
000000514901
000000213546
000000531948
000000120067
000000361148
000000250789
000000202465
000000169474
000000530898
000000026035
000000443880
000000146685
000000556030
000000540210
000000044039
000000267588
000000388374
000000478078
000000407091
000000177530
000000330237
000000189461
000000059454
000000136271
000000173742
000000555998
000000150704
000000458228
000000338059
000000042614
000000471096
000000551349
000000242869
000000431197
000000366184
000000028311
000000504997
000000270898
000000447701
000000465695
000000432605
000000007592
000000512468
000000551062
000000143780
000000096654
000000156120
000000287496
000000254520
000000092059
000000251107
000000364133
000000103676
000000553310
000000407457
000000489927
000000474471
000000358484
000000305347
000000143522
000000201382
000000301667
000000529636
000000573885
000000484007
000000059735
000000321355
000000055290
000000132306
000000423990
000000567863
000000171768
000000491914
000000566076
000000042929
000000572430
000000307033
000000545310
000000134475
000000267998
000000072901
000000506821
000000096473
000000553097
000000295473
000000198764
000000406954
000000007697
000000404147
000000196852
000000195172
000000246920
000000558955
000000533784
000000425400
000000215408
000000302684
000000568256
000000385844
000000508151
000000264722
000000313789
000000088448
000000134199
000000039884
000000136185
000000006631
000000561648
000000548464
000000239853
000000231351
000000112486
000000111432
000000487442
000000443006
000000540925
000000119718
000000057707
000000544427
000000539478
000000526105
000000279881
000000225519
000000542502
000000577631
000000469080
000000283809
000000235722
000000170041
000000466958
000000327549
000000372723
000000305035
000000381729
000000334381
000000182385
000000193363
000000434329
000000387318
000000553304
000000254911
000000575918
000000195703
000000445540
000000333348
000000365540
000000025727
000000431026
000000314376
000000335610
000000183719
000000305056
000000099540
000000143010
000000411871
000000515298
000000579909
000000559262
000000043448
000000103161
000000054755
000000281353
000000262347
000000317763
000000345725
000000034141
000000308599
000000305526
000000210201
000000370252
000000538604
000000238562
000000199143
000000369016
000000306621
000000446471
000000481598
000000382339
000000557186
000000545263
000000098732
000000494199
000000482974
000000345372
000000140761
000000368637
000000504487
000000121828
000000079047
000000442416
000000132123
000000506066
000000007251
000000120683
000000461681
000000509806
000000009945
000000211317
000000531171
000000543534
000000415222
000000280226
000000218982
000000461326
000000181756
000000201035
000000185546
000000555358
000000240718
000000033998
000000053385
000000046055
000000286376
000000022582
000000367449
000000056784
000000045204
000000335874
000000434628
000000114398
000000452803
000000375691
000000127976
000000409889
000000403333
000000493210
000000216063
000000471634
000000247744
000000196255
000000445167
000000341257
000000300343
000000074938
000000502760
000000575755
000000156020
000000408873
000000089735
000000390685
000000551802
000000178239
000000208825
000000415209
000000460290
000000412855
000000027329
000000206068
000000125063
000000015259
000000459374
000000521560
000000262329
000000211905
000000335132
000000098197
000000001505
000000280236
000000346785
000000560153
000000412753
000000002374
000000185712
000000501756
000000154607
000000018078
000000365471
000000167906
000000278646
000000266001
000000212834
000000569349
000000126014
000000248268
000000501002
000000015174
000000576327
000000075132
000000113113
000000323812
000000031280
000000416918
000000150013
000000562502
000000489475
000000464296
000000428399
000000220654
000000490935
000000115088
000000013832
000000177959
000000239808
000000553827
000000393696
000000110800
000000119210
000000403525
000000036605
000000139049
000000230702
000000265150
000000134028
000000317401
000000346839
000000553501
000000201241
000000116746
000000310978
000000308625
000000427727
000000319912
000000118401
000000373796
000000076910
000000342307
000000260336
000000297829
000000428120
000000079792
000000371155
000000338427
000000170250
000000439940
000000278753
000000054437
000000114807
000000151054
000000046298
000000330136
000000485462
000000189424
000000211487
000000413222
000000147027
000000514292
000000296781
000000503077
000000393286
000000020947
000000045180
000000363592
000000130778
000000126607
000000118777
000000556726
000000328065
000000352233
000000531232
000000388896
000000018958
000000173081
000000167322
000000399183
000000541456
000000581712
000000246348
000000050924
000000114327
000000159924
000000358198
000000546133
000000387513
000000130981
000000176629
000000388284
000000087638
000000452861
000000404871
000000077020
000000576743
000000066510
000000049443
000000420852
000000061147
000000529256
000000224042
000000575854
000000248457
000000544875
000000558486
000000521031
000000074059
000000450551
000000397863
000000303368
000000076428
000000426388
000000127304
000000580851
000000335415
000000001852
000000118118
000000458879
000000110004
000000204424
000000382905
000000302071
000000218687
000000563513
000000483382
000000322735
000000313984
000000516766
000000053569
000000314328
000000159761
000000259959
000000103228
000000043007
000000274731
000000476715
000000419383
000000351062
000000430753
000000180167
000000402507
000000204542
000000171484
000000204830
000000544719
000000303003
000000517929
000000348499
000000162213
000000309813
000000038930
000000005362
000000040621
000000235034
000000402668
000000131059
000000479394
000000382006
000000378566
000000000321
000000107918
000000563921
000000202298
000000377595
000000051941
000000506138
000000559221
000000238505
000000509641
000000283982
000000193798
000000369126
000000256721
000000072715
000000303994
000000320788
000000095044
000000054892
000000033361
000000220244
000000311999
000000321039
000000403882
000000014017
000000213349
000000275642
000000526972
000000518867
000000482720
000000533979
000000241786
000000330262
000000180908
000000254549
000000421762
000000334958
000000462364
000000008379
000000283168
000000408705
000000203920
000000568406
000000000144
000000290002
000000388788
000000313644
000000335233
000000490991
000000291587
000000154382
000000283849
000000497804
000000034387
000000308423
000000358416
000000434525
000000392555
000000108840
000000431501
000000173202
000000084488
000000208727
000000050773
000000290938
000000468356
000000220399
000000387833
000000303937
000000191994
000000490475
000000516508
000000521480
000000129448
000000347145
000000094954
000000331671
000000379736
000000376785
000000515826
000000251344
000000164386
000000221536
000000010478
000000302869
000000554283
000000533030
000000130625
000000104837
000000132485
000000382615
000000074947
000000498860
000000023696
000000022827
000000281939
000000570586
000000264868
000000110058
000000248370
000000308641
000000167693
000000493857
000000026944
000000207060
000000019062
000000218274
000000300993
000000494473
000000251502
000000306664
000000237699
000000531719
000000475881
000000128506
000000149583
000000311354
000000142333
000000553388
000000157221
000000363605
000000154610
000000398713
000000243783
000000421944
000000541514
000000498840
000000473495
000000373022
000000185437
000000009478
000000026174
000000451667
000000248168
000000192259
000000299017
000000398884
000000006437
000000468912
000000368293
000000357443
000000284706
000000575325
000000101341
000000237844
000000395735
000000459164
000000073453
000000136977
000000521634
000000434394
000000464238
000000333703
000000466570
000000091104
000000008128
000000179953
000000351250
000000153283
000000149078
000000477265
000000040051
000000012181
000000322557
000000345401
000000465257
000000081942
000000351034
000000487025
000000026247
000000137763
000000090257
000000166296
000000291038
000000385005
000000368347
000000581338
000000371991
000000374347
000000486541
000000001902
000000100523
000000149188
000000433483
000000534037
000000435488
000000212401
000000143501
000000559618
000000054513
000000015404
000000442894
000000216455
000000077058
000000326793
000000220735
000000267182
000000561137
000000337365
000000046852
000000129507
000000471535
000000150875
000000536198
000000243028
000000180281
000000421999
000000543376
000000167613
000000193398
000000199533
000000019160
000000254965
000000149422
000000164667
000000510216
000000331223
000000369596
000000018792
000000026702
000000446958
000000532277
000000556789
000000225667
000000463012
000000440133
000000130270
000000212203
000000543164
000000034183
000000003149
000000158088
000000084158
000000303257
000000028451
000000184210
000000006473
000000347557
000000444336
000000553509
000000045663
000000408048
000000276913
000000371353
000000438615
000000520765
000000070094
000000199150
000000564247
000000491753
000000088669
000000354291
000000389041
000000041993
000000409443
000000129592
000000008892
000000246666
000000024560
000000033323
000000277163
000000300040
000000070122
000000203667
000000253500
000000093639
000000228678
000000249058
000000494970
000000542359
000000229566
000000369125
000000487391
000000399837
000000262986
000000067961
000000502459
000000320314
000000101132
000000524502
000000375760
000000451943
000000560636
000000121852
000000529578
000000380162
000000505086
000000569718
000000579035
000000402969
000000050601
000000519138
000000053842
000000010241
000000000612
000000177524
000000098631
000000363488
000000121857
000000161169
000000454654
000000427992
000000028373
000000563046
000000313710
000000541086
000000183204
000000503234
000000219313
000000081561
000000302216
000000452259
000000516404
000000105642
000000066737
000000469075
000000194551
000000081299
000000535917
000000312621
000000519475
000000182773
000000486686
000000040478
000000041781
000000349782
000000031411
000000327191
000000219179
000000246586
000000028978
000000344238
000000251801
000000228721
000000235945
000000543790
000000157041
000000272487
000000044998
000000241238
000000560326
000000506766
000000208418
000000222686
000000171142
000000466839
000000004318
000000314801
000000261496
000000127167
000000538149
000000069504
000000465449
000000254841
000000046085
000000082252
000000569672
000000231178
000000509269
000000403774
000000386799
000000053139
000000569096
000000521285
000000498994
000000377231
000000198349
000000391831
000000290400
000000222913
000000443281
000000424297
000000192655
000000149429
000000079613
000000113638
000000077282
000000532419
000000202832
000000223184
000000056667
000000358291
000000436520
000000083548
000000539915
000000006230
000000193031
000000139144
000000389128
000000575585
000000241974
000000168114
000000490596
000000547555
000000193001
000000493682
000000176168
000000067798
000000450370
000000458778
000000279939
000000549182
000000564475
000000571990
000000364385
000000161545
000000443513
000000292387
000000576537
000000319914
000000300277
000000303418
000000385339
000000014248
000000508612
000000495884
000000295269
000000286348
000000416972
000000123722
000000487766
000000022270
000000351553
000000353651
000000291245
000000093405
000000203472
000000564958
000000211501
000000549817
000000036110
000000540531
000000434264
000000036425
000000288948
000000151100
000000559651
000000442585
000000259398
000000293480
000000403104
000000044606
000000470298
000000490471
000000002244
000000328969
000000145935
000000256953
000000400378
000000271577
000000468731
000000389340
000000379518
000000455769
000000313518
000000358359
000000412267
000000196663
000000185225
000000024323
000000348235
000000084002
000000538737
000000089318
000000072898
000000064313
000000568337
000000053369
000000184274
000000340024
000000114202
000000364369
000000385259
000000542713
000000018888
000000402357
000000450343
000000228518
000000280267
000000439399
000000285275
000000184578
000000561412
000000494085
000000373148
000000344491
000000106902
000000545526
000000109409
000000433052
000000514396
000000154686
000000322670
000000139192
000000478480
000000213999
000000384587
000000260715
000000211485
000000298622
000000508969
000000182612
000000388962
000000474330
000000496752
000000554569
000000547614
000000440559
000000565906
000000547411
000000017154
000000402869
000000293975
000000560858
000000522886
000000523297
000000540838
000000367571
000000497388
000000293228
000000113812
000000521808
000000335885
000000520758
000000235366
000000068866
000000279578
000000018496
000000522489
000000035857
000000470196
000000341277
000000123180
000000244406
000000561082
000000560235
000000402665
000000103628
000000530783
000000428026
000000330916
000000345745
000000526467
000000362218
000000552901
000000273156
000000314607
000000393033
000000458541
000000154212
000000435473
000000319412
000000143017
000000279027
000000168858
000000197408
000000227663
000000198204
000000309883
000000356478
000000170930
000000567565
000000198360
000000567375
000000244465
000000576030
000000518179
000000091295
000000127654
000000333876
000000203166
000000559912
000000208678
000000483013
000000386350
000000345497
000000573113
000000015185
000000014783
000000336887
000000359965
000000273288
000000020882
000000377679
000000511828
000000347773
000000278452
000000432675
000000145520
000000246706
000000271079
000000401037
000000574110
000000495457
000000057016
000000206791
000000420070
000000193387
000000074537
000000041547
000000474147
000000281034
000000306952
000000514982
000000266103
000000515374
000000448504
000000294487
000000290165
000000234649
000000014006
000000287842
000000525834
000000347933
000000552876
000000008320
000000476562
000000334845
000000495984
000000438755
000000069346
000000554759
000000227480
000000407072
000000379138
000000416639
000000342988
000000370697
000000398999
000000247177
000000286724
000000500356
000000279208
000000538190
000000480520
000000453475
000000066179
000000549685
000000536375
000000288814
000000298680
000000375363
000000258905
000000229140
000000361660
000000131203
000000487702
000000162112
000000357635
000000397518
000000422473
000000219523
000000155003
000000312367
000000183249
000000541887
000000472595
000000204536
000000133672
000000495790
000000569103
000000188276
000000032275
000000492965
000000279596
000000285686
000000341957
000000504005
000000364457
000000147142
000000416924
000000116413
000000364850
000000271198
000000255525
000000412198
000000195433
000000201004
000000568272
000000085939
000000481172
000000062292
000000084073
000000362711
000000008934
000000415659
000000076652
000000549687
000000009287
000000106351
000000052951
000000081365
000000413865
000000292289
000000303508
000000513295
000000579224
000000538848
000000514402
000000097785
000000526486
000000554168
000000449176
000000414667
000000364917
000000420389
000000257894
000000006450
000000286254
000000548512
000000178592
000000215170
000000439423
000000463495
000000226461
000000008773
000000572028
000000440283
000000129699
000000198514
000000374649
000000295285
000000060820
000000010440
000000041433
000000170413
000000447231
000000162164
000000309206
000000403345
000000293666
000000226459
000000578009
000000434039
000000237663
000000353902
000000518701
000000130712
000000571215
000000235564
000000545440
000000091857
000000382046
000000441949
000000064001
000000037743
000000004415
000000026812
000000304828
000000099553
000000244478
000000110001
000000083148
000000505264
000000126554
000000502708
000000225261
000000282221
000000461480
000000343048
000000538776
000000065628
000000042471
000000410641
000000383857
000000262184
000000293378
000000276836
000000108088
000000074253
000000517322
000000028826
000000488883
000000134951
000000446084
000000154060
000000246453
000000292386
000000271986
000000361648
000000172491
000000299776
000000094825
000000127204
000000381199
000000278166
000000124594
000000007936
000000034972
000000082658
000000100722
000000015388
000000301970
000000284128
000000135420
000000069373
000000496118
000000047512
000000380949
000000092868
000000157669
000000078720
000000537553
000000076804
000000093391
000000146601
000000223174
000000376153
000000267719
000000032952
000000478087
000000113836
000000514437
000000503534
000000233354
000000560604
000000125979
000000252413
000000260257
000000094538
000000109178
000000160034
000000328504
000000563168
000000496991
000000348584
000000088102
000000322023
000000462602
000000521877
000000309660
000000571641
000000548875
000000092714
000000447778
000000419064
000000419735
000000202842
000000120827
000000274803
000000244418
000000113630
000000240129
000000382291
000000253699
000000041082
000000118748
000000447194
000000347377
000000494817
000000238525
000000315211
000000554981
000000066126
000000371871
000000254123
000000252043
000000370842
000000346615
000000460029
000000218255
000000264389
000000089121
000000268396
000000446603
000000306878
000000422121
000000481120
000000407266
000000378723
000000308825
000000160930
000000537720
000000139436
000000476113
000000034749
000000249365
000000231581
000000349907
000000550869
000000168225
000000053142
000000100016
000000001497
000000288721
000000171330
000000136117
000000393072
000000384173
000000500853
000000380714
000000110869
000000381060
000000580334
000000132094
000000147733
000000358799
000000424152
000000400633
000000281631
000000416054
000000131016
000000474600
000000493859
000000110507
000000564990
000000508748
000000071718
000000139702
000000257752
000000552595
000000248018
000000328652
000000537222
000000228382
000000181224
000000102729
000000444015
000000437093
000000184443
000000328842
000000397693
000000118783
000000482433
000000046428
000000563233
000000437213
000000180271
000000225751
000000315609
000000310242
000000383270
000000486254
000000209539
000000373866
000000032937
000000269260
000000114741
000000320125
000000217306
000000103580
000000493883
000000211085
000000041284
000000396608
000000030175
000000212846
000000301628
000000477031
000000537862
000000526521
000000322615
000000047055
000000388469
000000116526
000000320659
000000533941
000000133462
000000363358
000000182179
000000579629
000000570143
000000357612
000000352208
000000071684
000000320182
000000384260
000000404750
000000424279
000000338774
000000033123
000000068697
000000028914
000000433625
000000261679
000000426049
000000116741
000000227732
000000246218
000000067431
000000288513
000000078782
000000301799
000000133636
000000285804
000000058106
000000067888
000000419327
000000099364
000000035422
000000218113
000000008433
000000476609
000000471155
000000299923
000000137661
000000542988
000000301888
000000410633
000000478328
000000030407
000000385743
000000037548
000000117683
000000131107
000000393050
000000421321
000000377411
000000494508
000000492235
000000571880
000000049994
000000361341
000000317995
000000173833
000000415629
000000126272
000000269366
000000089268
000000296433
000000284551
000000544815
000000451648
000000447574
000000175198
000000121994
000000151915
000000319749
000000445994
000000550699
000000085731
000000395452
000000313517
000000363494
000000166762
000000411883
000000270778
000000371863
000000536576
000000021921
000000322097
000000325564
000000353090
000000382318
000000267680
000000111319
000000296867
000000241623
000000196111
000000367814
000000347925
000000086840
000000175212
000000516233
000000497267
000000124390
000000265531
000000356755
000000276549
000000155482
000000030151
000000246089
000000570209
000000061138
000000248227
000000359458
000000312997
000000131099
000000575079
000000083452
000000565665
000000149215
000000035782
000000158179
000000157378
000000234291
000000359760
000000518006
000000455117
000000158923
000000208894
000000145479
000000581766
000000116792
000000245242
000000240198
000000567686
000000141910
000000057699
000000002684
000000263178
000000347007
000000211613
000000362659
000000575643
000000250684
000000360231
000000303541
000000093487
000000487359
000000300056
000000150026
000000544606
000000459281
000000475929
000000175135
000000188544
000000034689
000000157076
000000176694
000000218988
000000427395
000000168405
000000321897
000000241595
000000046185
000000201632
000000316240
000000502297
000000359774
000000476642
000000206170
000000153618
000000397089
000000184204
000000576412
000000508750
000000467131
000000421794
000000477420
000000111824
000000321169
000000436438
000000410194
000000447999
000000185549
000000265096
000000424980
000000218984
000000059996
000000333841
000000000250
000000346093
000000246382
000000125473
000000001501
000000454956
000000349237
000000530086
000000225202
000000233395
000000195356
000000530583
000000459218
000000096111
000000139284
000000549366
000000376114
000000193011
000000128903
000000030815
000000072258
000000293174
000000419696
000000423710
000000361564
000000560628
000000185848
000000317806
000000449392
000000044989
000000576307
000000469096
000000507068
000000138124
000000574221
000000272335
000000011323
000000174024
000000566478
000000486164
000000408098
000000365464
000000217787
000000355819
000000200654
000000327468
000000144349
000000260056
000000144985
000000159707
000000400133
000000546596
000000538497
000000280721
000000255791
000000395584
000000080556
000000413240
000000508209
000000472166
000000160163
000000566837
000000253506
000000213060
000000410924
000000184435
000000313603
000000225533
000000167964
000000169845
000000390951
000000472832
000000306108
000000453287
000000483941
000000496554
000000332131
000000311082
000000490643
000000078695
000000488725
000000288000
000000262544
000000362599
000000341121
000000569989
000000007669
000000171315
000000026800
000000577278
000000259233
000000302643
000000362079
000000055496
000000385317
000000504025
000000028974
000000580718
000000291333
000000379313
000000125432
000000255598
000000457020
000000385036
000000091747
000000068623
000000117725
000000059335
000000462953
000000381390
000000503318
000000099927
000000552089
000000343455
000000241068
000000100627
000000027063
000000311887
000000337479
000000540789
000000161752
000000506270
000000225265
000000136411
000000403910
000000469457
000000303308
000000179915
000000259217
000000287565
000000577065
000000413475
000000459176
000000358795
000000259798
000000185667
000000025955
000000475451
000000099754
000000538828
000000193829
000000401820
000000202199
000000083959
000000581285
000000223573
000000466935
000000340375
000000005678
000000302432
000000177314
000000152472
000000441432
000000578454
000000327921
000000073855
000000348146
000000145856
000000233948
000000035475
000000557931
000000162230
000000111553
000000338146
000000570403
000000061326
000000292181
000000341048
000000173211
000000209006
000000378911
000000080275
000000550129
000000494550
000000450719
000000488360
000000275276
000000079868
000000136141
000000271231
000000266274
000000476685
000000286702
000000166977
000000277807
000000128152
000000564836
000000179896
000000021969
000000252137
000000393422
000000270605
000000101895
000000010115
000000250385
000000548768
000000279784
000000002068
000000521726
000000488156
000000159888
000000122421
000000052947
000000368311
000000021384
000000076856
000000238639
000000524662
000000505371
000000058167
000000344288
000000528408
000000147914
000000174902
000000409108
000000308828
000000044663
000000562870
000000371807
000000575249
000000480893
000000441212
000000425061
000000260699
000000166335
000000452841
000000226300
000000480687
000000002621
000000007506
000000028263
000000505977
000000431407
000000161156
000000302323
000000397742
000000431236
000000043919
000000301954
000000152526
000000400199
000000311568
000000551598
000000082756
000000077811
000000305075
000000317054
000000427152
000000405718
000000543041
000000310140
000000174457
000000240506
000000318381
000000419228
000000279522
000000041438
000000085209
000000526739
000000576369
000000366630
000000421364
000000513497
000000215709
000000007288
000000211350
000000333557
000000101283
000000105134
000000068713
000000462987
000000534974
000000063668
000000281878
000000232627
000000071055
000000448856
000000404696
000000329494
000000500984
000000212063
000000153561
000000446764
000000491642
000000020679
000000497542
000000279350
000000066567
000000088652
000000124246
000000470348
000000202503
000000174932
000000195039
000000226840
000000020997
000000490749
000000117368
000000201993
000000536509
000000098767
000000475195
000000026445
000000345989
000000315593
000000226069
000000434031
000000143054
000000042641
000000490654
000000199196
000000286692
000000561339
000000399358
000000208071
000000048956
000000374717
000000049141
000000548690
000000434129
000000021246
000000309241
000000354897
000000452791
000000555020
000000518907
000000398613
000000067558
000000456351
000000402624
000000455225
000000428407
000000027017
000000211013
000000438514
000000544975
000000279388
000000429946
000000319228
000000293374
000000017551
000000278280
000000135875
000000522105
000000516124
000000473099
000000384338
000000460732
000000567801
000000545930
000000506736
000000373747
000000544644
000000509587
000000576581
000000034459
000000561050
000000136021
000000049725
000000161809
000000298370
000000524694
000000063764
000000270747
000000579453
000000264663
000000341917
000000116352
000000151405
000000020915
000000044277
000000466321
000000157267
000000057866
000000046065
000000156113
000000540388
000000361933
000000427943
000000367007
000000100972
000000154530
000000561102
000000287302
000000338104
000000358120
000000187157
000000254100
000000093053
000000004278
000000264838
000000504382
000000095397
000000373737
000000259104
000000202463
000000463603
000000150185
000000007778
000000430804
000000498493
000000024671
000000294832
000000466294
000000117139
000000027433
000000487774
000000368910
000000095097
000000324789
000000462880
000000117036
000000021994
000000363523
000000195712
000000447449
000000389622
000000267256
000000215910
000000247699
000000183693
000000204674
000000157385
000000226175
000000063290
000000549728
000000487279
000000339927
000000090261
000000392627
000000076899
000000042182
000000064915
000000574166
000000215315
000000186554
000000015049
000000322827
000000474347
000000499104
000000213268
000000486960
000000117379
000000548169
000000450102
000000458551
000000032193
000000111182
000000329126
000000536458
000000108392
000000055402
000000078372
000000348853
000000015930
000000020418
000000443034
000000048063
000000518818
000000289027
000000302469
000000348475
000000111636
000000260808
000000020193
000000136375
000000353568
000000574930
000000255135
000000106379
000000379580
000000295433
000000221856
000000277722
000000407767
000000370090
000000276387
000000534554
000000541782
000000516625
000000410110
000000092092
000000516768
000000403325
000000265036
000000343574
000000068620
000000106915
000000247599
000000143736
000000049491
000000139403
000000137730
000000361693
000000136926
000000037880
000000077151
000000406332
000000433951
000000539553
000000081476
000000568131
000000340419
000000381385
000000178924
000000126486
000000249623
000000377371
000000009127
000000012326
000000349609
000000556011
000000572304
000000485441
000000052774
000000045108
000000155355
000000287958
000000264620
000000156216
000000121665
000000471596
000000374891
000000068601
000000008574
000000256668
000000492750
000000040071
000000510652
000000528800
000000581392
000000252122
000000082844
000000405621
000000028728
000000156809
000000534040
000000489914
000000389608
000000350794
000000462080
000000546561
000000463458
000000508354
000000380089
000000437510
000000548039
000000129257
000000450217
000000548416
000000045634
000000178145
000000503316
000000422466
000000444672
000000038771
000000427149
000000555062
000000419226
000000151922
000000252492
000000172899
000000519461
000000475413
000000558976
000000300836
000000577029
000000494800
000000199783
000000260635
000000469609
000000087697
000000564503
000000196198
000000133693
000000427120
000000496618
000000384026
000000095554
000000521181
000000571808
000000532495
000000020512
000000388873
000000016209
000000450309
000000090479
000000215873
000000323598
000000181846
000000063882
000000146541
000000531369
000000441605
000000477643
000000244222
000000352959
000000010263
000000233022
000000276311
000000286892
000000184325
000000575257
000000314787
000000534881
000000446249
000000386497
000000473030
000000175000
000000213338
000000353130
000000392914
000000089021
000000533004
000000076781
000000571964
000000138270
000000519089
000000167891
000000299381
000000511739
000000322975
000000398067
000000543494
000000151115
000000576727
000000088634
000000238299
000000194679
000000084339
000000147879
000000059462
000000050727
000000453802
000000518071
000000357229
000000098639
000000369637
000000377234
000000007796
000000280068
000000544198
000000126943
000000033422
000000238336
000000441323
000000293931
000000141741
000000349376
000000027030
000000464210
000000065325
000000331311
000000047409
000000336354
000000369609
000000114178
000000064794
000000235681
000000203215
000000470935
000000158952
000000328814
000000004754
000000520341
000000470907
000000478184
000000188952
000000411330
000000386964
000000298836
000000035573
000000180179
000000457146
000000025751
000000520787
000000071796
000000539768
000000248945
000000391067
000000115071
000000000133
000000164241
000000283715
000000293244
000000401569
000000576483
000000403705
000000445131
000000522880
000000069873
000000186090
000000330229
000000552761
000000181920
000000464176
000000189095
000000432373
000000157789
000000035217
000000048848
000000113126
000000289242
000000073195
000000235916
000000010196
000000471840
000000046171
000000209671
000000043176
000000399835
000000230152
000000067997
000000220838
000000316001
000000093119
000000154241
000000325310
000000292916
000000433921
000000127644
000000189583
000000124992
000000118507
000000248496
000000338963
000000521967
000000445076
000000102333
000000116603
000000169988
000000151358
000000104790
000000571498
000000575857
000000134542
000000291655
000000406226
000000130130
000000519877
000000109123
000000504868
000000096070
000000066046
000000227651
000000531307
000000015569
000000233337
000000372489
000000469410
000000365298
000000415843
000000358678
000000308059
000000033383
000000572025
000000257847
000000261670
000000061262
000000513417
000000234653
000000575371
000000154817
000000232574
000000349566
000000442249
000000036238
000000320899
000000366558
000000319725
000000088744
000000324450
000000569389
000000468844
000000281427
000000229813
000000326445
000000572894
000000185432
000000014282
000000398388
000000193476
000000458810
000000577512
000000321373
000000480179
000000336872
000000161539
000000347142
000000302579
000000363806
000000400752
000000099498
000000573119
000000309181
000000295941
000000435037
000000132249
000000340637
000000063587
000000547465
000000400060
000000570333
000000118413
000000333240
000000098707
000000353909
000000001213
000000204244
000000478576
000000509032
000000523766
000000550206
000000196047
000000545903
000000466406
000000313069
000000140010
000000057357
000000581481
000000034483
000000130786
000000183217
000000347702
000000472783
000000016161
000000095494
000000310749
000000446751
000000219173
000000012461
000000068158
000000245112
000000407063
000000315407
000000144147
000000022002
000000251797
000000483836
000000451539
000000338903
000000418480
000000225312
000000058407
000000141372
000000229155
000000081512
000000576533
000000075857
000000059483
000000232114
000000063476
000000406826
000000298316
000000127342
000000203955
000000513237
000000290962
000000507686
000000328802
000000530064
000000530016
000000433066
000000163372
000000368871
000000545597
000000322852
000000201405
000000457017
000000437446
000000433971
000000213963
000000029956
000000460094
000000281820
000000332480
000000305501
000000489909
000000298623
000000534308
000000534130
000000260844
000000371506
000000005692
000000546242
000000171185
000000188795
000000555939
000000188534
000000275603
000000139653
000000474479
000000029504
000000278570
000000224848
000000415151
000000454622
000000186556
000000206676
000000034847
000000412142
000000202187
000000127914
000000222829
000000566608
000000426482
000000373678
000000148274
000000006182
000000348516
000000202783
000000068482
000000072729
000000349030
000000316856
000000381318
000000264940
000000264161
000000344817
000000324977
000000428278
000000010073
000000028645
000000140021
000000281959
000000352426
000000568851
000000318811
000000578894
000000571483
000000064866
000000425010
000000000996
000000568675
000000026365
000000466132
000000268389
000000208521
000000416197
000000143339
000000482989
000000010546
000000213596
000000327628
000000066445
000000307932
000000236123
000000544309
000000034920
000000561004
000000092050
000000393423
000000243857
000000400619
000000214927
000000497440
000000320503
000000452543
000000486989
000000400045
000000404626
000000063498
000000011202
000000368117
000000352228
000000186880
000000544687
000000002342
000000171176
000000412880
000000340573
000000118399
000000526754
000000159151
000000545293
000000347653
000000183201
000000199318
000000408479
000000186116
000000347753
000000489815
000000130948
000000384424
000000509652
000000436027
000000201623
000000298644
000000458574
000000075076
000000115300
000000520749
000000164855
000000455482
000000180046
000000337748
000000546451
000000001803
000000067553
000000449826
000000393080
000000515195
000000156533
000000022178
000000388821
000000532527
000000153656
000000149343
000000058522
000000570207
000000092826
000000238141
000000308579
000000098495
000000265207
000000091372
000000578964
000000471839
000000441449
000000517821
000000020796
000000111280
000000345462
000000048441
000000300216
000000498610
000000388616
000000087561
000000183364
000000151005
000000358675
000000419942
000000182474
000000484604
000000151375
000000503616
000000432529
000000255622
000000050829
000000046609
000000121107
000000438737
000000432226
000000181681
000000230968
000000547387
000000054606
000000000332
000000062053
000000026745
000000035961
000000079926
000000556910
000000161947
000000029648
000000530863
000000002024
000000154011
000000217238
000000555368
000000206909
000000159310
000000524050
000000042871
000000301646
000000151722
000000422253
000000205934
000000283629
000000411349
000000514531
000000093506
000000081504
000000552685
000000012323
000000276267
000000023929
000000552966
000000022559
000000115845
000000494819
000000130884
000000384335
000000070589
000000471315
000000518215
000000416774
000000292823
000000107249
000000458756
000000067053
000000038816
000000120254
000000461953
000000046633
000000007040
000000080486
000000265819
000000522061
000000276528
000000003398
000000283632
000000132193
000000472836
000000065861
000000558878
000000362839
000000212181
000000258155
000000338357
000000556282
000000428071
000000306281
000000408029
000000267898
000000084929
000000362804
000000360660
000000381968
000000170960
000000501085
000000051540
000000282368
000000266136
000000176863
000000210448
000000064139
000000133428
000000008332
000000368668
000000100468
000000126563
000000247184
000000472704
000000293591
000000118386
000000052978
000000017921
000000456873
000000352561
000000549907
000000316817
000000397832
000000520737
000000234474
000000445325
000000286820
000000222003
000000233566
000000432744
000000396165
000000562462
000000425187
000000176811
000000112697
000000130070
000000245505
000000067075
000000072995
000000561172
000000192164
000000067987
000000079913
000000263767
000000542511
000000200978
000000135978
000000502425
000000072632
000000444092
000000132523
000000310748
000000484260
000000461841
000000422351
000000039711
000000530860
000000512145
000000404064
000000096901
000000451263
000000198832
000000212257
000000100318
000000140713
000000364288
000000493939
000000104426
000000410388
000000027658
000000026665
000000299212
000000576262
000000000154
000000427386
000000293252
000000535579
000000156396
000000106435
000000220704
000000397675
000000244636
000000341700
000000036382
000000272217
000000257617
000000436936
000000235006
000000118140
000000277329
000000464240
000000561735
000000116511
000000142201
000000578775
000000214569
000000543385
000000465465
000000500298
000000179763
000000017235
000000315743
000000421792
000000518180
000000238511
000000524927
000000052835
000000323970
000000319685
000000106326
000000507815
000000039881
000000056426
000000214845
000000372983
000000157551
000000574471
000000027734
000000513609
000000316022
000000496123
000000301347
000000005994
000000475371
000000484884
000000200615
000000370151
000000129872
000000581711
000000106154
000000076654
000000014850
000000128373
000000198650
000000018751
000000321330
000000478164
000000547644
000000537692
000000556837
000000190407
000000511523
000000160331
000000069535
000000166653
000000378149
000000325143
000000361685
000000223950
000000462577
000000210108
000000387906
000000242663
000000257379
000000152860
000000119495
000000031680
000000214261
000000337844
000000269020
000000466455
000000296283
000000535457
000000108695
000000256660
000000075110
000000464951
000000050910
000000317672
000000254028
000000059250
000000366704
000000276343
000000121987
000000155860
000000015203
000000106043
000000132454
000000406056
000000489031
000000366171
000000357865
000000145056
000000473673
000000128740
000000388413
000000158261
000000313727
000000076606
000000065463
000000146841
000000110783
000000239943
000000321035
000000292347
000000419879
000000346699
000000273358
000000060970
000000217780
000000183528
000000571437
000000315388
000000537461
000000105603
000000445392
000000228450
000000369000
000000198429
000000388674
000000404227
000000447020
000000430531
000000475840
000000464322
000000138382
000000015400
000000488553
000000202880
000000246701
000000536729
000000406988
000000439398
000000559079
000000515355
000000049027
000000509800
000000385675
000000033332
000000330564
000000125056
000000535284
000000221910
000000370790
000000288586
000000120077
000000017892
000000532926
000000241620
000000219590
000000575228
000000101632
000000031375
000000231049
000000325198
000000432500
000000484948
000000330084
000000308168
000000100744
000000323592
000000556088
000000499446
000000069236
000000367460
000000124577
000000209967
000000013922
000000030114
000000312939
000000415434
000000510680
000000433214
000000132964
000000173685
000000482877
000000490741
000000284127
000000217649
000000490062
000000367107
000000511168
000000425536
000000518901
000000210612
000000201698
000000319396
000000058338
000000091973
000000105040
000000154202
000000180397
000000385119
000000430720
000000292789
000000433044
000000265414
000000076988
000000511111
000000284047
000000267416
000000130032
000000444982
000000526675
000000571585
000000186045
000000117512
000000030012
000000130138
000000498794
000000302855
000000454325
000000165930
000000474732
000000268276
000000508831
000000326369
000000360658
000000188520
000000571535
000000243907
000000564816
000000125184
000000431304
000000061377
000000284383
000000391912
000000578734
000000274957
000000116295
000000121745
000000049851
000000205461
000000369438
000000329566
000000116226
000000230318
000000234319
000000581042
000000387990
000000191242
000000551403
000000223467
000000478742
000000160000
000000291347
000000165770
000000475564
000000110567
000000371647
000000281582
000000202545
000000305445
000000407214
000000134167
000000222783
000000085518
000000020171
000000146981
000000102348
000000101091
000000245864
000000430260
000000285691
000000279300
000000459200
000000298722
000000090244
000000467397
000000401212
000000162914
000000408808
000000151558
000000200862
000000158422
000000221330
000000436693
000000427888
000000065035
000000048977
000000327802
000000535688
000000200143
000000052669
000000571219
000000139889
000000152987
000000191686
000000565979
000000432851
000000388212
000000265344
000000406155
000000301102
000000067972
000000354525
000000022563
000000363474
000000253763
000000101146
000000112525
000000119333
000000073688
000000453328
000000452516
000000052802
000000397404
000000191473
000000535786
000000053426
000000471322
000000319098
000000293342
000000099317
000000027293
000000277907
000000494112
000000075101
000000335087
000000405088
000000465156
000000039315
000000504297
000000554145
000000427876
000000087878
000000566863
000000437264
000000384420
000000039390
000000556021
000000441241
000000281713
000000297502
000000557059
000000085998
000000417596
000000333075
000000317690
000000064703
000000117140
000000469857
000000042215
000000087735
000000248464
000000055735
000000446763
000000562834
000000199332
000000129632
000000298777
000000331354
000000512760
000000571504
000000005383
000000297152
000000077318
000000290361
000000580790
000000414675
000000223342
000000389866
000000497006
000000386613
000000181128
000000575633
000000070213
000000388042
000000429971
000000460251
000000318596
000000164599
000000245560
000000462770
000000156405
000000180202
000000170550
000000382127
000000123036
000000425254
000000466352
000000515809
000000406230
000000039926
000000278486
000000248372
000000220548
000000137210
000000080520
000000147131
000000394043
000000065564
000000107013
000000256950
000000564912
000000447907
000000230639
000000050810
000000296136
000000204603
000000315744
000000174099
000000508885
000000496121
000000008228
000000400257
000000523211
000000074549
000000511527
000000064697
000000081031
000000560898
000000028790
000000540186
000000450959
000000358620
000000185590
000000349401
000000499680
000000128907
000000002066
000000246154
000000217799
000000050482
000000341534
000000008549
000000219619
000000184148
000000570779
000000227316
000000386560
000000104191
000000366852
000000493136
000000250578
000000140231
000000222921
000000233140
000000535526
000000569286
000000437958
000000376875
000000138057
000000237090
000000577417
000000136783
000000167819
000000486020
000000483628
000000197175
000000203653
000000412939
000000265826
000000277914
000000508814
000000432843
000000174238
000000103158
000000565514
000000063238
000000453348
000000329151
000000027162
000000432134
000000100417
000000105691
000000570339
000000414117
000000387512
000000044436
000000478368
000000311567
000000483348
000000395838
000000474817
000000413058
000000345331
000000155035
000000558711
000000355387
000000044818
000000157834
000000497334
000000285717
000000562527
000000331698
000000403747
000000452823
000000124141
000000277778
000000543492
000000551875
000000457194
000000196229
000000057917
000000184550
000000134231
000000289107
000000360910
000000558153
000000192891
000000436138
000000569866
000000030254
000000225473
000000158635
000000371226
000000116786
000000536199
000000263382
000000315160
000000147453
000000012860
000000004880
000000179118
000000391674
000000488522
000000067634
000000011635
000000441738
000000127391
000000024319
000000004394
000000040274
000000043494
000000360101
000000189782
000000346310
000000010769
000000460730
000000236580
000000108536
000000105660
000000004396
000000267770
000000014764
000000439777
000000483047
000000423327
000000444783
000000067593
000000494548
000000196295
000000173695
000000516542
000000431923
000000563261
000000289644
000000248231
000000292810
000000421616
000000554136
000000311882
000000434668
000000212688
000000361750
000000228727
000000293832
000000269718
000000435988
000000364343
000000221045
000000567245
000000368827
000000276162
000000089745
000000013463
000000530479
000000202755
000000129995
000000531617
000000233614
000000387244
000000489449
000000026165
000000418985
000000200882
000000296844
000000305635
000000405527
000000262092
000000155839
000000022097
000000245534
000000339591
000000044446
000000237142
000000324334
000000458156
000000030486
000000473866
000000390999
000000130637
000000555230
000000510910
000000227293
000000515427
000000451482
000000190440
000000172702
000000251379
000000464261
000000558083
000000232290
000000149398
000000152209
000000130970
000000396010
000000003812
000000371911
000000486964
000000473340
000000118422
000000036481
000000385403
000000208054
000000092181
000000344439
000000052948
000000058241
000000431699
000000043771
000000151482
000000075119
000000414787
000000220699
000000213843
000000423343
000000147216
000000120875
000000271122
000000121610
000000443871
000000318997
000000503183
000000058172
000000548848
000000042469
000000432877
000000231942
000000013333
000000096244
000000566135
000000251132
000000448236
000000052256
000000535891
000000182291
000000075326
000000454693
000000581253
000000092624
000000093297
000000530958
000000267823
000000383581
000000045468
000000362718
000000352553
000000383616
000000524531
000000537684
000000115299
000000216241
000000555245
000000334603
000000261720
000000187882
000000001448
000000340559
000000209969
000000046786
000000368736
000000271351
000000106875
000000210697
000000210098
000000434316
000000369179
000000531128
000000137890
000000341227
000000107954
000000240478
000000323853
000000369433
000000300445
000000197329
000000446807
000000359659
000000309562
000000504541
000000050954
000000482265
000000414750
000000193015
000000452881
000000374576
000000284253
000000572784
000000294535
000000525568
000000147926
000000030805
000000370117
000000197067
000000438481
000000174412
000000244671
000000165675
000000325903
000000040583
000000170207
000000335385
000000143425
000000229138
000000099417
000000087642
000000267184
000000380106
000000554442
000000092009
000000043220
000000030585
000000054011
000000308504
000000319120
000000039068
000000099342
000000083884
000000310752
000000254568
000000105396
000000353558
000000066427
000000287219
000000544026
000000522013
000000552811
000000084410
000000091306
000000096586
000000451219
000000046327
000000136400
000000208244
000000032328
000000172006
000000485654
000000109753
000000197774
000000534900
000000392198
000000341075
000000096466
000000141400
000000247723
000000287829
000000461939
000000281191
000000465874
000000168440
000000547297
000000229599
000000473448
000000562582
000000534334
000000381699
000000230582
000000564883
000000449798
000000054611
000000389190
000000344705
000000402020
000000137733
000000222295
000000579206
000000286903
000000529795
000000387202
000000373480
000000119419
000000498804
000000415363
000000027873
000000168725
000000367362
000000221874
000000337962
000000463417
000000113132
000000081862
000000115709
000000517508
000000346496
000000092248
000000438187
000000576219
000000215488
000000490110
000000531000
000000437951
000000287228
000000494504
000000067716
000000186193
000000169700
000000455952
000000086832
000000183753
000000564188
000000258017
000000239194
000000038691
000000038685
000000147293
000000541706
000000381842
000000379318
000000459575
000000158211
000000504591
000000578765
000000484227
000000573732
000000377282
000000032244
000000264982
000000067697
000000009509
000000244878
000000514180
000000244909
000000502513
000000250815
000000508456
000000579807
000000511651
000000122493
000000131190
000000040210
000000425179
000000509772
000000008789
000000390439
000000431628
000000556157
000000419087
000000053919
000000270106
000000038053
000000401670
000000370135
000000574066
000000167431
000000258191
000000309406
000000323424
000000083658
000000190216
000000054171
000000318683
000000241156
000000040087
000000065153
000000041913
000000336643
000000300245
000000251044
000000041645
000000390201
000000375731
000000090137
000000506007
000000358253
000000502978
000000499525
000000281674
000000452441
000000178962
000000241726
000000059361
000000299089
000000091135
000000135010
000000353912
000000325584
000000384151
000000244141
000000546869
000000072077
000000461507
000000157238
000000465049
000000413784
000000496153
000000094663
000000006363
000000275656
000000516791
000000338826
000000310693
000000334453
000000118764
000000068857
000000241431
000000316073
000000064798
000000044996
000000430298
000000306030
000000507540
000000548393
000000136332
000000523374
000000045617
000000374164
000000103341
000000372635
000000423810
000000440049
000000578652
000000381247
000000001496
000000579043
000000128670
000000006481
000000092186
000000310833
000000221194
000000284649
000000231272
000000259439
000000560152
000000105318
000000564969
000000520996
000000314139
000000206300
000000259477
000000512316
000000253784
000000219897
000000020747
000000344555
000000334957
000000022775
000000459841
000000273118
000000286285
000000497500
000000577333
000000234161
000000014514
000000073139
000000256859
000000534735
000000103778
000000232127
000000379316
000000085338
000000429318
000000574385
000000331339
000000457373
000000556326
000000101265
000000147016
000000241667
000000141201
000000499982
000000062263
000000545324
000000544301
000000157084
000000493435
000000377208
000000159771
000000332891
000000045422
000000427094
000000406749
000000322911
000000030519
000000573926
000000345224
000000123415
000000259721
000000410969
000000389731
000000581863
000000322822
000000350649
000000555739
000000024805
000000262283
000000303016
000000152265
000000251790
000000156133
000000439352
000000287384
000000005011
000000284010
000000000387
000000177937
000000408492
000000022747
000000581594
000000184698
000000032115
000000530636
000000270278
000000441095
000000578875
000000503983
000000487551
000000169468
000000580671
000000093393
000000377561
000000208718
000000525342
000000260720
000000052664
000000386695
000000026733
000000040730
000000195266
000000069956
000000145290
000000399337
000000063403
000000070588
000000470113
000000432460
000000426976
000000197401
000000029753
000000107402
000000402915
000000507313
000000377960
000000366001
000000153697
000000501494
000000110073
000000464859
000000305414
000000350842
000000245810
000000415964
000000210041
000000286760
000000203868
000000091280
000000143984
000000476634
000000222056
000000230305
000000202856
000000061382
000000282176
000000398005
000000096808
000000325690
000000493773
000000405209
000000082405
000000027353
000000352334
000000135319
000000201717
000000568237
000000313176
000000404486
000000533261
000000496513
000000441385
000000103232
000000027340
000000497160
000000306089
000000019981
000000468383
000000143256
000000092017
000000375211
000000511580
000000564003
000000441169
000000184713
000000402829
000000070261
000000237743
000000408835
000000361669
000000086584
000000366648
000000234147
000000202178
000000342394
000000400406
000000226897
000000085685
000000008936
000000036501
000000139067
000000363308
000000327664
000000318533
000000409078
000000106038
000000069860
000000501286
000000528131
000000213203
000000054262
000000095516
000000557105
000000046142
000000576421
000000425626
000000402057
000000242907
000000406628
000000032516
000000446069
000000293259
000000245161
000000287369
000000066761
000000097334
000000270323
000000464787
000000026611
000000471082
000000346295
000000533864
000000139004
000000301409
000000487295
000000504991
000000136181
000000511644
000000149444
000000379651
000000399668
000000434623
000000362620
000000493438
000000563731
000000395505
000000532102
000000496100
000000090058
000000139306
000000088917
000000192500
000000157911
000000192216
000000295408
000000550518
000000179159
000000149091
000000192652
000000411703
000000033753
000000400948
000000572478
000000139097
000000041132
000000505113
000000378769
000000026652
000000409909
000000117360
000000274570
000000004093
000000505386
000000431872
000000133131
000000383556
000000326690
000000478597
000000470085
000000111180
000000108365
000000097172
000000073782
000000579917
000000342478
000000079836
000000379376
000000162898
000000244003
000000411225
000000513424
000000062041
000000490720
000000285667
000000256590
000000346367
000000030423
000000058915
000000555444
000000110626
000000520617
000000409217
000000428389
000000011196
000000386530
000000538411
000000110759
000000167131
000000399045
000000427736
000000171090
000000144199
000000236963
000000090526
000000178361
000000034170
000000405544
000000486101
000000320362
000000176082
000000026109
000000128813
000000367521
000000219329
000000531607
000000087194
000000108283
000000079501
000000038801
000000556497
000000015987
000000007625
000000194054
000000426053
000000157822
000000199410
000000166096
000000289754
000000030875
000000552919
000000342441
000000406170
000000429887
000000091780
000000461819
000000358134
000000321242
000000270558
000000449195
000000257513
000000196473
000000324037
000000109319
000000368253
000000208605
000000551559
000000012101
000000241821
000000171381
000000112117
000000556485
000000565220
000000296318
000000495443
000000232371
000000021588
000000233558
000000481760
000000235239
000000381122
000000538925
000000113216
000000071879
000000326256
000000189785
000000344876
000000522807
000000191050
000000476652
000000404282
000000474545
000000070164
000000439834
000000303962
000000016543
000000261235
000000134430
000000174802
000000215069
000000333556
000000468604
000000439303
000000072832
000000195583
000000491976
000000531045
000000257167
000000020536
000000250735
000000121575
000000013497
000000020692
000000200817
000000231364
000000494684
000000184862
000000332932
000000305253
000000103861
000000561750
000000200752
000000054691
000000047617
000000330284
000000246958
000000308167
000000226681
000000063309
000000026828
000000177810
000000161436
000000453154
000000577321
000000564708
000000092280
000000004820
000000421996
000000378089
000000041226
000000029005
000000302298
000000282894
000000285817
000000359951
000000548061
000000346189
000000334383
000000451493
000000120918
000000491516
000000362351
000000053616
000000051898
000000292962
000000392850
000000492489
000000248324
000000009548
000000251835
000000486547
000000275591
000000015085
000000507101
000000554037
000000571694
000000360695
000000143820
000000421389
000000520858
000000432636
000000162596
000000268444
000000379443
000000226677
000000501029
000000083328
000000097806
000000555814
000000116521
000000433546
000000416049
000000065916
000000076351
000000067496
000000181519
000000314766
000000227134
000000175871
000000564151
000000218283
000000373294
000000000208
000000327567
000000090192
000000555035
000000509157
000000454326
000000045836
000000456690
000000157168
000000390215
000000303177
000000422393
000000532766
000000534901
000000178980
000000225393
000000579560
000000546337
000000225604
000000020137
000000342797
000000252956
000000441863
000000399200
000000249315
000000460403
000000024765
000000451877
000000014475
000000036255
000000020837
000000483530
000000480739
000000005412
000000378655
000000431922
000000103843
000000355161
000000295626
000000094842
000000534771
000000167548
000000559294
000000149785
000000093601
000000050352
000000131524
000000025325
000000005352
000000166468
000000312494
000000520921
000000329235
000000448471
000000036864
000000381003
000000102754
000000387575
000000063729
000000431967
000000126495
000000159716
000000117308
000000433046
000000034827
000000119751
000000224594
000000499353
000000237009
000000554098
000000017873
000000198661
000000421316
000000554987
000000071526
000000114077
000000480136
000000164066
000000277700
000000476873
000000536894
000000119596
000000554542
000000009248
000000014008
000000382386
000000346841
000000332411
000000398004
000000296157
000000467137
000000430681
000000049190
000000194297
000000404424
000000256107
000000230005
000000482624
000000547743
000000501307
000000379477
000000285068
000000577364
000000460567
000000046731
000000115182
000000278922
000000365446
000000317134
000000183253
000000117447
000000019184
000000485236
000000132316
000000478336
000000285253
000000391914
000000240288
000000516889
000000118762
000000435026
000000135680
000000304214
000000333198
000000443278
000000330807
000000207779
000000148761
000000058080
000000394801
000000260020
000000252873
000000100282
000000328890
000000400218
000000287651
000000416240
000000387772
000000406677
000000569375
000000524014
000000381961
000000400872
000000249977
000000146127
000000186441
000000256760
000000257544
000000527656
000000317512
000000234463
000000181103
000000389283
000000268190
000000238989
000000152677
000000044723
000000141795
000000152110
000000255194
000000139008
000000167498
000000353384
000000189587
000000089436
000000197859
000000488139
000000088846
000000529379
000000064009
000000170976
000000553934
000000067868
000000316061
000000138155
000000134724
000000333710
000000367893
000000342126
000000177609
000000068745
000000373015
000000255859
000000234343
000000251582
000000341198
000000507910
000000391253
000000499110
000000290144
000000317732
000000062481
000000297678
000000303507
000000142656
000000235925
000000340898
000000272803
000000378403
000000383562
000000581118
000000283916
000000165874
000000224306
000000378051
000000484627
000000277706
000000280324
000000195649
000000059953
000000160139
000000297680
000000558576
000000551413
000000251524
000000451701
000000393682
000000102929
000000531725
000000538533
000000050636
000000424411
000000404886
000000117337
000000152531
000000475248
000000037868
000000182029
000000108045
000000355413
000000393633
000000499460
000000353709
000000072050
000000214592
000000142182
000000442554
000000448613
000000189853
000000346497
000000175129
000000268496
000000234255
000000097243
000000292818
000000350278
000000567693
000000325874
000000453785
000000154155
000000568418
000000211983
000000029697
000000023542
000000162216
000000452179
000000551665
000000549104
000000225943
000000502479
000000064423
000000415619
000000029356
000000581655
000000171639
000000109824
000000144809
000000551550
000000469713
000000137123
000000054874
000000284354
000000555356
000000397166
000000272758
000000268993
000000109783
000000512629
000000204352
000000149295
000000386321
000000252314
000000028864
000000441541
000000096365
000000368729
000000234691
000000060088
000000579326
000000528664
000000169712
000000246160
000000443723
000000356351
000000237860
000000384738
000000153997
000000310435
000000006451
000000423480
000000293377
000000270623
000000472349
000000484103
000000231119
000000510154
000000044083
000000286745
000000064802
000000214519
000000541730
000000210467
000000549725
000000276164
000000239888
000000256400
000000319766
000000489374
000000438369
000000275115
000000010928
000000042844
000000091300
000000555110
000000419474
000000532009
000000146878
000000562972
000000225847
000000412330
000000113844
000000342819
000000243283
000000053436
000000239882
000000242073
000000292075
000000473475
000000486240
000000333494
000000065072
000000191264
000000158122
000000203541
000000039640
000000439692
000000023623
000000063370
000000205607
000000149556
000000569931
000000222928
000000330663
000000015528
000000473705
000000418595
000000324033
000000462454
000000295728
000000461339
000000387442
000000102445
000000234997
000000278983
000000152048
000000445004
000000484690
000000246913
000000551889
000000131453
000000431977
000000466532
000000322122
000000055567
000000048271
000000382102
000000477566
000000407509
000000387102
000000341950
000000571455
000000434644
000000206385
000000401458
000000356787
000000028019
000000021097
000000479762
000000139971
000000178415
000000049946
000000436413
000000116182
000000040934
000000231280
000000174890
000000375400
000000421745
000000324654
000000469924
000000197689
000000150374
000000234677
000000102879
000000238822
000000164999
000000114203
000000191390
000000094351
000000245965
000000250204
000000234847
000000330756
000000452381
000000374934
000000528147
000000351146
000000543183
000000499958
000000040380
000000309222
000000310861
000000103379
000000193369
000000309494
000000399001
000000033955
000000534857
000000500904
000000086835
000000265596
000000175310
000000018312
000000500829
000000200195
000000300055
000000353146
000000277088
000000229315
000000493474
000000390352
000000132612
000000453558
000000457522
000000285000
000000019447
000000135042
000000142534
000000103841
000000342561
000000286153
000000184223
000000300928
000000491909
000000028385
000000075256
000000230600
000000152749
000000070626
000000384916
000000282479
000000453883
000000448771
000000399984
000000533006
000000388807
000000079415
000000552029
000000221400
000000330265
000000272783
000000167581
000000573791
000000416484
000000200133
000000261481
000000123751
000000546933
000000577212
000000503252
000000066647
000000430805
000000399009
000000243328
000000442060
000000012792
000000139333
000000533074
000000356181
000000118306
000000257529
000000115856
000000360706
000000014998
000000503089
000000289852
000000581708
000000300157
000000528544
000000490016
000000436848
000000224895
000000376706
000000294973
000000466095
000000432430
000000398948
000000233963
000000189565
000000321844
000000412842
000000008884
000000500474
000000378849
000000435750
000000284814
000000095427
000000567523
000000267780
000000101959
000000248341
000000505487
000000245922
000000466305
000000259519
000000182821
000000355667
000000149212
000000231837
000000540342
000000191570
000000549012
000000147547
000000200941
000000066283
000000392330
000000386257
000000333868
000000104509
000000187887
000000019711
000000098582
000000135572
000000163142
000000252144
000000182015
000000267951
000000148400
000000246915
000000189015
000000526767
000000506187
000000542458
000000229654
000000348931
000000102168
000000054052
000000120615
000000309114
000000334568
000000456377
000000011360
000000482929
000000256156
000000131725
000000533293
000000001558
000000208340
000000042345
000000382542
000000577413
000000388507
000000526747
000000062500
000000037091
000000513551
000000463303
000000465776
000000039150
000000315174
000000048134
000000272080
000000232890
000000095651
000000421734
000000185901
000000022191
000000543233
000000169529
000000452334
000000519077
000000501531
000000192681
000000055033
000000248045
000000202931
000000505879
000000212138
000000298193
000000456606
000000487114
000000469743
000000194089
000000032566
000000509518
000000117064
000000481890
000000201928
000000560517
000000468029
000000019927
000000053907
000000284599
000000135037
000000352191
000000028039
000000192062
000000267910
000000098121
000000257668
000000362333
000000519911
000000202935
000000558248
000000384258
000000029586
000000570178
000000502178
000000363464
000000297242
000000262897
000000030915
000000253492
000000351938
000000456192
000000578314
000000549400
000000481042
000000204826
000000366162
000000059997
000000317534
000000286962
000000413021
000000354804
000000473896
000000041041
000000219869
000000059868
000000351903
000000101160
000000411082
000000006160
000000549887
000000178869
000000008791
000000102066
000000416102
000000166557
000000110325
000000306113
000000102589
000000167095
000000257105
000000254432
000000492170
000000053893
000000010449
000000482730
000000029594
000000350597
000000019579
000000403936
000000094564
000000110078
000000051948
000000317474
000000016898
000000139094
000000451909
000000173688
000000184778
000000320951
000000353055
000000160199
000000390785
000000199204
000000070125
000000069405
000000406709
000000118158
000000546074
000000354519
000000577853
000000055521
000000468238
000000441816
000000217864
000000500585
000000224281
000000366264
000000432909
000000294595
000000534521
000000051576
000000314710
000000083730
000000547155
000000387717
000000075735
000000407879
000000127802
000000257910
000000487778
000000044934
000000516985
000000243849
000000315193
000000271240
000000370728
000000265915
000000156784
000000581835
000000211230
000000460704
000000542991
000000520956
000000523560
000000102080
000000344236
000000123762
000000136929
000000571955
000000174507
000000554523
000000402926
000000141993
000000219158
000000294380
000000564926
000000152003
000000287285
000000350933
000000337917
000000131613
000000198271
000000441483
000000093581
000000136158
000000416387
000000391041
000000501959
000000059821
000000325229
000000018820
000000510718
000000500878
000000301425
000000261605
000000230700
000000207598
000000209015
000000021945
000000498980
000000577524
000000533125
000000383470
000000501175
000000425439
000000165771
000000443512
000000270070
000000306178
000000171086
000000112329
000000317283
000000264539
000000577619
000000157604
000000179124
000000432886
000000026002
000000234990
000000422779
000000289654
000000308192
000000443320
000000139492
000000129293
000000548528
000000458891
000000557357
000000255575
000000291114
000000478220
000000234614
000000465060
000000347150
000000426602
000000061867
000000369543
000000393794
000000099892
000000379529
000000435957
000000325668
000000216320
000000458622
000000320173
000000233201
000000402897
000000297665
000000467760
000000203635
000000523819
000000015112
000000173607
000000447091
000000194194
000000514116
000000034343
000000449244
000000244540
000000075369
000000450762
000000227358
000000395456
000000065484
000000269973
000000082041
000000132499
000000079085
000000226691
000000524196
000000565303
000000052925
000000550972
000000126642
000000356742
000000349579
000000534274
000000291528
000000240501
000000518455
000000082293
000000435839
000000291438
000000576950
000000333891
000000104829
000000379992
000000573151
000000445301
000000346875
000000471085
000000251591
000000512788
000000415967
000000425201
000000262098
000000488658
000000163879
000000233366
000000549042
000000179209
000000556240
000000013991
000000213831
000000522101
000000575473
000000502090
000000557609
000000153585
000000079905
000000267788
000000232716
000000200720
000000012641
000000479036
000000531490
000000289486
000000269199
000000322638
000000488135
000000385552
000000327502
000000575356
000000355748
000000253740
000000132992
000000287886
000000483849
000000438025
000000245419
000000203846
000000000009
000000280530
000000095620
000000074982
000000385174
000000292907
000000166805
000000125683
000000234274
000000042519
000000268735
000000001392
000000365911
000000517879
000000217064
000000492318
000000558052
000000362365
000000303250
000000336192
000000397278
000000454230
000000128475
000000238022
000000012422
000000435533
000000322845
000000149102
000000469343
000000192009
000000323369
000000328847
000000022196
000000562100
000000420819
000000423541
000000068570
000000022958
000000389986
000000393292
000000235473
000000556426
000000266386
000000393242
000000219653
000000022377
000000040064
000000286910
000000349875
000000491128
000000570395
000000124471
000000094124
000000096445
000000534935
000000026622
000000354202
000000514217
000000031912
000000254183
000000242549
000000222987
000000367767
000000436835
000000253109
000000571562
000000001810
000000429602
000000303944
000000560412
000000046898
000000058553
000000528184
000000374984
000000174623
000000446646
000000569582
000000245049
000000547422
000000506595
000000055607
000000094096
000000093743
000000344618
000000496604
000000481753
000000450544
000000362696
000000157295
000000575121
000000079653
000000205474
000000369369
000000307662
000000539556
000000325664
000000571839
000000366577
000000313384
000000496267
000000282070
000000090830
000000506378
000000203729
000000156720
000000516540
000000136793
000000402235
000000193892
000000458950
000000519683
000000269380
000000239007
000000252748
000000364748
000000104270
000000221245
000000382374
000000579276
000000153907
000000239980
000000112897
000000168010
000000103236
000000346872
000000515423
000000175699
000000506198
000000498319
000000385687
000000531093
000000094011
000000079657
000000173279
000000430472
000000404229
000000316917
000000251027
000000089534
000000199826
000000569667
000000560204
000000510701
000000578418
000000298252
000000321194
000000176283
000000120385
000000018983
000000499020
000000537622
000000079816
000000544094
000000061307
000000581566
000000228884
000000340684
000000321651
000000523543
000000281789
000000511569
000000163041
000000362656
000000220371
000000329341
000000110886
000000325586
000000195153
000000558181
000000451758
000000244949
000000006854
000000056160
000000423638
000000219246
000000009217
000000456827
000000043894
000000083217
000000422406
000000185917
000000354445
000000306524
000000295116
000000112887
000000304929
000000302520
000000196870
000000010400
000000358642
000000555495
000000554642
000000365032
000000343596
000000295571
000000533228
000000580029
000000528941
000000480409
000000185866
000000373639
000000403541
000000186586
000000544288
000000438943
000000347210
000000422323
000000295199
000000321217
000000571695
000000284715
000000459982
000000317103
000000266038
000000320905
000000098044
000000368750
000000417190
000000038775
000000418611
000000526594
000000439224
000000121016
000000083725
000000213021
000000568963
000000307831
000000151458
000000503809
000000108430
000000566699
000000076149
000000420627
000000050151
000000046365
000000337065
000000110926
000000517047
000000174196
000000028850
000000312735
000000134863
000000343559
000000104408
000000280249
000000332300
000000512187
000000357894
000000476795
000000551661
000000232543
000000299640
000000278242
000000579541
000000427013
000000483275
000000506327
000000574152
000000558813
000000473647
000000392723
000000064024
000000450741
000000439015
000000244582
000000301762
000000365488
000000228551
000000447147
000000188215
000000052773
000000152980
000000353729
000000420598
000000225213
000000061596
000000519182
000000404270
000000076264
000000416884
000000304833
000000223477
000000494911
000000370748
000000178064
000000533715
000000554699
000000356299
000000488853
000000299441
000000127785
000000577532
000000065889
000000221700
000000047545
000000210976
000000071914
000000198811
000000338327
000000319160
000000018647
000000057764
000000308512
000000475033
000000077270
000000398563
000000029438
000000494690
000000341676
000000266712
000000116444
000000127028
000000000089
000000134650
000000092795
000000170765
000000321543
000000380191
000000174474
000000164957
000000262285
000000188826
000000230048
000000455934
000000581223
000000046267
000000421144
000000403335
000000510144
000000303358
000000458716
000000461701
000000127710
000000462519
000000123070
000000226758
000000287574
000000033499
000000397735
000000024636
000000453565
000000532686
000000285448
000000167453
000000294978
000000457461
000000213795
000000249352
000000424728
000000407768
000000387527
000000085765
000000304777
000000215596
000000079589
000000024996
000000429052
000000359751
000000245243
000000473972
000000267353
000000206783
000000019136
000000208730
000000045267
000000448696
000000019306
000000316514
000000149546
000000521769
000000124240
000000494264
000000070735
000000421677
000000220218
000000195715
000000095095
000000526966
000000469265
000000333368
000000322392
000000469894
000000483045
000000048663
000000430762
000000110447
000000083252
000000122020
000000336762
000000277498
000000308564
000000299010
000000445898
000000342932
000000515878
000000288975
000000302084
000000513712
000000505888
000000532445
000000501385
000000326222
000000379155
000000417195
000000211265
000000129431
000000010421
000000076841
000000192266
000000199131
000000104589
000000403535
000000508202
000000344293
000000520663
000000217240
000000185276
000000466265
000000260435
000000037638
000000155515
000000423362
000000395714
000000007931
000000213535
000000031367
000000321007
000000258000
000000417193
000000478609
000000344945
000000238006
000000023981
000000276386
000000254981
000000176649
000000155604
000000400870
000000140817
000000011948
000000247265
000000442175
000000537149
000000076087
000000081372
000000456556
000000538407
000000472246
000000509839
000000238563
000000422954
000000300121
000000524977
000000502630
000000515555
000000346334
000000115292
000000109835
000000521917
000000310688
000000052949
000000210042
000000431323
000000258288
000000228817
000000162495
000000207400
000000178131
000000148629
000000207811
000000540476
000000131565
000000117170
000000041688
000000058431
000000374641
000000209480
000000569415
000000115412
000000540068
000000416193
000000067917
000000192692
000000189568
000000030446
000000181212
000000343445
000000142177
000000109873
000000135303
000000067536
000000206273
000000013876
000000103673
000000473196
000000275611
000000106830
000000218405
000000497855
000000331419
000000117743
000000155569
000000110011
000000452195
000000022194
000000263779
000000518807
000000172248
000000195916
000000474224
000000506357
000000577107
000000146465
000000289071
000000465545
000000299800
000000376684
000000435048
000000374180
000000397143
000000137717
000000441876
000000295195
000000153026
000000394132
000000057350
000000263881
000000112590
000000563048
000000254005
000000115777
000000541324
000000235642
000000118715
000000177420
000000439875
000000450404
000000462461
000000018952
000000453020
000000355622
000000142660
000000490160
000000539008
000000189033
000000058726
000000208724
000000380274
000000474333
000000044509
000000573733
000000576480
000000407751
000000186121
000000259760
000000505592
000000013016
000000078457
000000545111
000000084548
000000557510
000000571596
000000012213
000000084873
000000538844
000000123831
000000517626
